발생년월일,주야,요일,사망자수,사상자수,중상자수,경상자수,부상신고자수,발생지시도,발생지시군구,사고유형_대분류,사고유형_중분류,법규위반,도로형태_대분류,도로형태,당사자종별_1당_대분류,당사자종별_2당_대분류,경도,위도,발생지,사고피해정도,사고차량타입,도시여부,주말/공휴일,인구수,발생지번호
2019-01-12,야간,토,2,10,4,0,0,대구,달성군,차대차,측면충돌,신호위반,교차로,교차로내,승용차,승합차,128.4698,35.6937,대구달성군,2,승용차승합차,0,1,0,30
2019-01-13,야간,일,1,15,4,3,0,경기,하남시,차대차,추돌,안전운전 의무 불이행,단일로,기타단일로,승용차,화물차,127.2398,37.488,경기하남시,2,승용차화물차,0,1,0,67
2019-01-24,야간,목,3,13,4,1,0,강원,삼척시,차대차,측면충돌,안전거리 미확보,단일로,지하차도(도로)내,화물차,승용차,129.189,37.4246,강원삼척시,2,화물차승용차,0,0,0,78
2019-03-12,야간,화,2,12,5,0,0,경북,경산시,차대차,정면충돌,중앙선 침범,단일로,기타단일로,승용차,승용차,128.757,35.8197,경북경산시,2,승용차승용차,0,0,0,52
2019-03-23,주간,토,1,22,0,7,7,경기,용인시,차대차,추돌,안전운전 의무 불이행,단일로,기타단일로,승합차,승용차,127.1037,37.3325,경기용인시,2,승합차승용차,0,1,0,51
2019-04-05,주간,금,1,18,0,1,15,경기,용인시,차대차,기타,안전거리 미확보,단일로,기타단일로,건설기계,승용차,127.1037,37.3298,경기용인시,2,건설기계승용차,0,0,0,51
2019-05-15,야간,수,2,12,3,2,0,인천,연수구,차대차,정면충돌,신호위반,교차로,교차로내,승합차,승합차,126.6647,37.3859,인천연수구,2,승합차승합차,0,0,0,35
2019-05-21,주간,화,1,13,4,2,0,전남,곡성군,차량단독,공작물충돌,과속,단일로,기타단일로,승용차,없음,127.1447,35.2825,전남곡성군,2,승용차없음,0,0,0,147
2019-06-07,주간,금,1,18,3,5,1,경기,평택시,차대차,측면충돌,안전운전 의무 불이행,단일로,기타단일로,승용차,승용차,127.0993,37.1255,경기평택시,2,승용차승용차,0,0,0,14
2019-06-17,주간,월,1,18,0,6,5,경기,파주시,차대차,추돌,안전운전 의무 불이행,단일로,기타단일로,승합차,승합차,126.8647,37.8456,경기파주시,2,승합차승합차,0,0,0,175
2019-06-18,야간,화,2,64,17,14,0,충남,아산시,차대차,측면충돌,신호위반,교차로,교차로내,화물차,승합차,127.0939,36.8298,충남아산시,2,화물차승합차,0,0,0,53
2019-07-04,주간,목,1,26,2,10,1,경남,양산시,차대차,추돌,안전운전 의무 불이행,단일로,기타단일로,승용차,승용차,129.0488,35.37,경남양산시,2,승용차승용차,0,0,0,49
2019-07-20,야간,토,1,15,5,2,0,서울,영등포구,차량단독,기타,안전운전 의무 불이행,단일로,기타단일로,승합차,없음,126.9032,37.5355,서울영등포구,2,승합차없음,0,1,0,150
2019-07-22,주간,월,4,22,8,1,0,강원,삼척시,차량단독,전복,안전운전 의무 불이행,단일로,기타단일로,승합차,없음,129.1512,37.1054,강원삼척시,2,승합차없음,0,0,0,78
2019-07-25,야간,목,2,16,2,5,0,경기,시흥시,차대차,추돌,안전운전 의무 불이행,단일로,교량위,특수차,승용차,126.7674,37.3751,경기시흥시,2,특수차승용차,0,0,0,73
2019-08-03,주간,토,1,50,4,18,5,경기,광주시,차대차,추돌,안전운전 의무 불이행,단일로,기타단일로,승합차,승용차,127.2726,37.447,경기광주시,2,승합차승용차,0,1,0,9
2019-09-22,주간,일,1,35,2,15,0,대구,동구,차량단독,공작물충돌,과속,단일로,기타단일로,승합차,없음,128.69,35.8828,대구동구,2,승합차없음,0,1,0,26
2019-09-25,주간,수,1,33,7,7,4,경기,의왕시,차량단독,공작물충돌,안전운전 의무 불이행,단일로,기타단일로,승합차,없음,126.9997,37.382,경기의왕시,2,승합차없음,0,0,0,199
2019-09-27,야간,금,2,16,2,5,0,인천,남동구,차대차,추돌,안전운전 의무 불이행,단일로,기타단일로,화물차,화물차,126.7421,37.4414,인천남동구,2,화물차화물차,0,0,0,29
2019-10-03,야간,목,1,59,4,20,10,경기,용인시,차대차,측면충돌,신호위반,교차로,교차로내,승용차,승합차,127.1334,37.2681,경기용인시,2,승용차승합차,0,1,0,51
2019-10-05,주간,토,1,13,4,2,0,충남,천안시,차량단독,공작물충돌,과속,단일로,기타단일로,승합차,없음,127.175,36.8105,충남천안시,2,승합차없음,0,1,0,63
2019-10-12,주간,토,2,24,4,5,4,경기,이천시,차대차,추돌,안전거리 미확보,단일로,기타단일로,승합차,승용차,127.4439,37.2018,경기이천시,2,승합차승용차,0,1,0,41
2019-10-18,주간,금,1,19,0,9,0,제주,제주시,차대차,기타,신호위반,교차로,교차로내,승용차,승합차,126.5807,33.5173,제주제주시,2,승용차승합차,0,0,0,90
2019-10-21,야간,월,4,8,2,0,0,경기,연천군,차대차,측면충돌,과속,교차로,교차로내,승용차,승용차,127.0695,38.0571,경기연천군,2,승용차승용차,0,0,0,106
2019-10-25,주간,금,1,30,5,8,3,서울,송파구,차대차,측면충돌,신호위반,교차로,교차로내,승합차,승용차,127.1397,37.507,서울송파구,2,승합차승용차,0,0,0,156
2019-10-25,주간,금,1,17,1,7,0,경기,화성시,차대차,측면충돌,안전운전 의무 불이행,교차로,교차로내,승용차,승합차,126.9215,37.1371,경기화성시,2,승용차승합차,0,0,0,50
2019-10-29,주간,화,1,29,3,11,0,전남,해남군,차대차,기타,기타,단일로,기타단일로,승합차,농기계,126.6222,34.5652,전남해남군,2,승합차농기계,0,0,0,119
2019-10-31,주간,목,1,16,2,5,1,경기,의정부시,차대차,추돌,안전운전 의무 불이행,단일로,기타단일로,건설기계,화물차,127.058,37.7073,경기의정부시,2,건설기계화물차,0,0,0,64
2019-11-03,야간,일,1,23,7,4,0,전북,고창군,차량단독,전복,안전운전 의무 불이행,교차로,교차로부근,승합차,없음,126.5845,35.3056,전북고창군,2,승합차없음,0,1,0,219
2019-11-03,주간,일,1,13,6,0,0,전남,담양군,차대차,정면충돌,중앙선 침범,단일로,기타단일로,승용차,승용차,126.9243,35.3586,전남담양군,2,승용차승용차,0,1,0,181
2019-11-17,주간,일,1,27,4,9,0,대구,수성구,차대차,정면충돌,안전운전 의무 불이행,단일로,기타단일로,승용차,승용차,128.6322,35.8695,대구수성구,2,승용차승용차,0,1,0,37
2019-11-19,주간,화,1,15,4,3,0,경남,창원시(통합),차대차,추돌,안전운전 의무 불이행,단일로,기타단일로,특수차,화물차,128.6387,35.1944,경남창원시(통합),2,특수차화물차,0,0,0,86
2019-12-04,주간,수,1,49,2,22,0,충북,음성군,차대차,정면충돌,중앙선 침범,단일로,기타단일로,승합차,승용차,127.6649,36.9367,충북음성군,2,승합차승용차,0,0,0,110
2019-12-08,주간,일,1,15,3,4,0,부산,북구,차대차,추돌,안전운전 의무 불이행,교차로,교차로내,승용차,화물차,128.9907,35.1968,부산북구,2,승용차화물차,0,1,0,118
2019-12-12,주간,목,2,16,1,6,0,경기,남양주시,차대차,추돌,안전운전 의무 불이행,단일로,기타단일로,승용차,승합차,127.2042,37.7265,경기남양주시,2,승용차승합차,0,0,0,70
2019-12-14,야간,토,6,56,13,12,0,경북,군위군,차대차,기타,안전운전 의무 불이행,단일로,기타단일로,승용차,승용차,128.4456,36.2588,경북군위군,2,승용차승용차,0,1,0,170
2019-12-14,야간,토,1,33,11,5,0,경북,군위군,차대차,추돌,안전운전 의무 불이행,단일로,교량위,화물차,특수차,128.5176,36.2279,경북군위군,2,화물차특수차,0,1,0,170
2019-12-20,주간,금,1,17,6,2,0,경남,양산시,차대차,추돌,과속,단일로,기타단일로,승용차,화물차,129.0352,35.3311,경남양산시,2,승용차화물차,0,0,0,49
2019-12-23,주간,월,1,35,7,10,0,전남,순천시,차대차,기타,과속,단일로,기타단일로,승합차,승용차,127.2658,34.9523,전남순천시,2,승합차승용차,0,0,0,27
2018-04-22,주간,일,1,10,3,2,4,경기,용인시,차대차,측면충돌,안전운전 의무 불이행,단일로,기타단일로,승용차,승용차,127.1036,37.286,경기용인시,2,승용차승용차,0,1,0,51
2018-10-23,야간,화,1,15,6,8,0,충남,논산시,차대차,기타,안전운전 의무 불이행,단일로,기타단일로,승합차,화물차,127.0522,36.1756,충남논산시,2,승합차화물차,0,0,0,61
2018-02-22,야간,목,3,8,2,3,0,충북,청주시,차대차,추돌,안전운전 의무 불이행,단일로,기타단일로,승용차,특수차,127.4267,36.5874,충북청주시,2,승용차특수차,0,0,0,83
2018-10-14,야간,일,1,8,2,5,0,경남,함양군,차대차,추돌,안전운전 의무 불이행,단일로,기타단일로,화물차,승용차,127.7811,35.5442,경남함양군,2,화물차승용차,0,1,0,108
2018-10-03,야간,수,1,9,1,7,0,인천,부평구,차대차,추돌,안전운전 의무 불이행,단일로,기타단일로,승용차,승용차,126.7038,37.5236,인천부평구,2,승용차승용차,0,1,0,44
2018-08-26,주간,일,1,7,5,1,0,경기,가평군,차대차,정면충돌,중앙선 침범,단일로,기타단일로,승용차,승용차,127.4974,37.9077,경기가평군,2,승용차승용차,0,1,0,176
2018-02-12,주간,월,1,9,2,5,1,서울,서초구,차대차,추돌,안전운전 의무 불이행,단일로,기타단일로,승합차,승합차,127.0591,37.4421,서울서초구,2,승합차승합차,0,0,0,214
2018-08-28,주간,화,1,9,2,6,0,충남,천안시,차대차,추돌,안전운전 의무 불이행,단일로,기타단일로,화물차,승용차,127.1895,36.939,충남천안시,2,화물차승용차,0,0,0,63
2018-05-06,주간,일,1,9,2,6,0,전북,군산시,차대차,기타,안전운전 의무 불이행,교차로,교차로내,화물차,승합차,126.8774,36.0175,전북군산시,2,화물차승합차,0,1,0,166
2018-04-13,야간,금,1,13,5,7,0,전남,목포시,차대차,측면충돌,신호위반,교차로,교차로내,승합차,승용차,126.4179,34.8114,전남목포시,2,승합차승용차,0,0,0,153
2018-04-27,주간,금,1,10,2,7,0,경북,상주시,차대차,추돌,안전운전 의무 불이행,단일로,기타단일로,승합차,승용차,127.9216,36.4452,경북상주시,2,승합차승용차,0,0,0,58
2018-04-09,주간,월,1,7,6,0,0,경기,포천시,차량단독,공작물충돌,안전운전 의무 불이행,교차로,교차로부근,화물차,없음,127.2627,37.8221,경기포천시,2,화물차없음,0,0,0,171
2018-11-11,주간,일,2,10,4,4,0,서울,송파구,차대차,기타,안전운전 의무 불이행,단일로,기타단일로,승용차,승합차,127.0855,37.5168,서울송파구,2,승용차승합차,0,1,0,156
2018-07-18,야간,수,1,20,5,14,0,부산,동래구,차대사람,횡단중,안전운전 의무 불이행,단일로,기타단일로,승합차,보행자,129.0797,35.2037,부산동래구,2,승합차보행자,0,0,0,216
2018-05-27,주간,일,1,12,2,5,4,경기,시흥시,차대차,추돌,안전운전 의무 불이행,단일로,기타단일로,화물차,승용차,126.7424,37.3832,경기시흥시,2,화물차승용차,0,1,0,73
2018-04-02,주간,월,1,22,2,19,0,경기,화성시,차대차,추돌,안전운전 의무 불이행,교차로,교차로부근,건설기계,승용차,126.7766,37.2068,경기화성시,2,건설기계승용차,0,0,0,50
2018-07-04,주간,수,1,9,0,8,0,충북,충주시,차대차,추돌,안전운전 의무 불이행,단일로,기타단일로,승용차,승용차,127.8899,36.9077,충북충주시,2,승용차승용차,0,0,0,6
2018-12-06,야간,목,1,20,13,6,0,충북,충주시,차대차,추돌,안전운전 의무 불이행,단일로,터널안,승합차,건설기계,127.7609,37.039,충북충주시,2,승합차건설기계,0,0,0,6
2018-09-15,주간,토,1,7,6,0,0,전북,고창군,차대차,측면충돌,신호위반,교차로,교차로내,승용차,승용차,126.555,35.4263,전북고창군,2,승용차승용차,0,1,0,219
2018-06-08,야간,금,2,7,3,2,0,경남,함양군,차대차,추돌,안전운전 의무 불이행,단일로,고가도로위,화물차,화물차,127.7628,35.5814,경남함양군,2,화물차화물차,0,0,0,108
2018-07-14,주간,토,1,13,3,9,0,광주,북구,차대차,기타,안전운전 의무 불이행,단일로,고가도로위,승용차,승용차,126.9293,35.1938,광주북구,2,승용차승용차,0,1,0,137
2018-04-26,야간,목,1,10,1,8,0,충북,괴산군,차대차,추돌,안전운전 의무 불이행,단일로,터널안,화물차,화물차,128.0115,36.7463,충북괴산군,2,화물차화물차,0,0,0,179
2018-10-12,주간,금,1,13,3,9,0,충북,음성군,차대차,추돌,안전운전 의무 불이행,단일로,기타단일로,화물차,승용차,127.4717,36.9842,충북음성군,2,화물차승용차,0,0,0,110
2018-08-02,주간,목,1,8,7,0,0,충남,아산시,차대차,정면충돌,중앙선 침범,단일로,기타단일로,화물차,승합차,126.9887,36.6973,충남아산시,2,화물차승합차,0,0,0,53
2018-06-26,야간,화,1,8,4,3,0,전북,완주군,차대차,추돌,안전운전 의무 불이행,단일로,기타단일로,화물차,화물차,127.2501,35.8104,전북완주군,2,화물차화물차,0,0,0,28
2018-10-23,야간,화,2,6,4,0,0,충남,홍성군,차대차,기타,기타(운전자법규위반),단일로,기타단일로,화물차,승용차,126.553,36.6232,충남홍성군,2,화물차승용차,0,0,0,38
2018-05-01,야간,화,1,7,5,1,0,경북,청도군,차대차,측면충돌,교차로 통행방법 위반,교차로,교차로내,승용차,승용차,128.7506,35.6503,경북청도군,2,승용차승용차,0,0,0,3
2018-04-22,주간,일,1,9,7,1,0,경북,구미시,차대차,측면충돌,직진 및 우회전차의 통행방해,교차로,교차로내,화물차,승용차,128.3561,36.1847,경북구미시,2,화물차승용차,0,1,0,144
2018-06-23,주간,토,1,10,0,9,0,경북,영천시,차대차,기타,안전운전 의무 불이행,단일로,기타단일로,승용차,승용차,128.8589,35.9914,경북영천시,2,승용차승용차,0,1,0,5
2018-09-04,주간,화,2,17,8,7,0,경남,고성군,차량단독,공작물충돌,안전운전 의무 불이행,단일로,기타단일로,승합차,없음,128.2189,34.9933,경남고성군,2,승합차없음,0,0,0,87
2018-09-02,주간,일,3,8,4,1,0,경남,고성군,차대차,정면충돌,중앙선 침범,교차로,교차로부근,승용차,승용차,128.3562,35.0436,경남고성군,2,승용차승용차,0,1,0,87
2018-10-10,주간,수,1,10,2,7,0,인천,남구,차대차,추돌,안전운전 의무 불이행,교차로,교차로내,화물차,승용차,126.6789,37.4444,인천남동구,2,화물차승용차,0,0,0,29
2018-01-23,주간,화,1,15,3,11,0,울산,남구,차대차,정면충돌,중앙선 침범,교차로,교차로부근,승용차,승용차,129.3474,35.5282,울산남구,2,승용차승용차,0,0,0,213
2018-06-28,주간,목,1,11,3,7,0,울산,울주군,차대차,측면충돌,중앙선 침범,단일로,기타단일로,승용차,승합차,129.3367,35.4447,울산울주군,2,승용차승합차,0,0,0,17
2018-08-08,주간,수,2,17,4,11,0,경기,양주시,차대차,정면충돌,중앙선 침범,단일로,기타단일로,승용차,승합차,127.0569,37.86,경기양주시,2,승용차승합차,0,0,0,59
2018-12-22,주간,토,2,8,4,2,0,강원,평창군,차대차,정면충돌,중앙선 침범,단일로,기타단일로,승용차,승용차,128.4183,37.4151,강원평창군,2,승용차승용차,0,1,0,24
2018-08-07,야간,화,1,7,4,2,0,강원,양양군,차대차,추돌,안전운전 의무 불이행,단일로,기타단일로,특수차,승용차,128.5905,38.0746,강원양양군,2,특수차승용차,0,0,0,164
2018-10-29,주간,월,1,19,4,13,1,경기,이천시,차대차,추돌,안전거리 미확보,단일로,기타단일로,승합차,승용차,127.4254,37.2409,경기이천시,2,승합차승용차,0,0,0,41
2018-05-01,주간,화,8,19,7,4,0,전남,영암군,차대차,측면충돌,안전운전 의무 불이행,단일로,기타단일로,승합차,승용차,126.6896,34.8625,전남영암군,2,승합차승용차,0,0,0,16
2018-01-11,야간,목,1,12,1,9,1,경기,김포시,차대차,기타,안전운전 의무 불이행,단일로,기타단일로,승합차,화물차,126.7809,37.5943,경기김포시,2,승합차화물차,0,0,0,47
2018-03-04,야간,일,3,8,4,1,0,강원,홍천군,차대차,추돌,안전운전 의무 불이행,단일로,교량위,승용차,승용차,127.8407,37.7058,강원홍천군,2,승용차승용차,0,1,0,82
2018-05-06,야간,일,1,9,3,5,0,경북,고령군,차대차,정면충돌,중앙선 침범,단일로,기타단일로,승용차,승용차,128.2155,35.6525,경북고령군,2,승용차승용차,0,1,0,220
2018-10-15,야간,월,2,12,8,2,0,경북,상주시,차대차,추돌,안전운전 의무 불이행,단일로,기타단일로,화물차,승합차,128.149,36.578,경북상주시,2,화물차승합차,0,0,0,58
2018-04-05,주간,목,2,39,8,29,0,울산,북구,차대차,측면충돌,안전운전 의무 불이행,단일로,기타단일로,승용차,승합차,129.3981,35.5213,울산북구,2,승용차승합차,0,0,0,158
2018-11-27,주간,화,1,8,3,4,0,경기,성남시,차대차,추돌,과속,단일로,기타단일로,건설기계,승용차,127.0975,37.4246,경기성남시,2,건설기계승용차,0,0,0,95
2018-05-02,야간,수,1,9,2,6,0,경기,광주시,차대차,정면충돌,중앙선 침범,단일로,기타단일로,화물차,승합차,127.2176,37.3581,경기광주시,2,화물차승합차,0,0,0,9
2018-12-15,주간,토,1,11,2,8,0,충남,논산시,차대차,추돌,안전거리 미확보,기타,기타,승용차,승용차,127.0672,36.1356,충남논산시,2,승용차승용차,0,1,0,61
2018-01-22,주간,월,1,9,4,4,0,서울,송파구,차대차,측면충돌,신호위반,교차로,교차로내,승용차,승합차,127.0703,37.5104,서울송파구,2,승용차승합차,0,0,0,156
2018-02-23,야간,금,1,11,4,2,4,강원,정선군,차대차,측면충돌,중앙선 침범,단일로,터널안,승용차,승용차,128.8255,37.2121,강원정선군,2,승용차승용차,0,0,0,198
2018-01-23,주간,화,1,9,2,6,0,전남,여수시,차대차,측면충돌,중앙선 침범,단일로,기타단일로,승용차,승합차,127.7204,34.7564,전남여수시,2,승용차승합차,0,0,0,102
2018-07-28,주간,토,1,8,2,5,0,경북,청송군,차대차,정면충돌,중앙선 침범,단일로,기타단일로,화물차,승합차,129.0711,36.3714,경북청송군,2,화물차승합차,0,1,0,203
2017-01-01,야간,일,1,7,4,2,0,충남,공주시,차대차,기타,안전운전 의무 불이행,단일로,기타단일로,승용차,승용차,127.0821,36.4118,충남공주시,2,승용차승용차,0,1,0,19
2017-01-10,주간,화,1,9,3,5,0,광주,서구,차대사람,기타,과속,단일로,기타단일로,승용차,보행자,126.8867,35.1503,광주서구,2,승용차보행자,0,0,0,222
2017-01-18,야간,수,1,8,5,2,0,강원,춘천시,차대차,추돌,안전운전 의무 불이행,교차로,교차로부근,승용차,화물차,127.7512,37.8707,강원춘천시,2,승용차화물차,0,0,0,111
2017-01-20,주간,금,1,18,10,7,0,강원,원주시,차량단독,전도,기타(운전자법규위반),단일로,교량위,승합차,없음,127.9868,37.4044,강원원주시,2,승합차없음,0,0,0,36
2017-01-22,주간,일,1,9,0,8,0,경기,파주시,차대차,추돌,안전운전 의무 불이행,단일로,기타단일로,승합차,승합차,126.8651,37.8462,경기파주시,2,승합차승합차,0,1,0,175
2017-01-30,주간,월,1,7,5,1,0,충남,공주시,차대차,측면충돌,신호위반,교차로,교차로내,승용차,승용차,127.0478,36.462,충남공주시,2,승용차승용차,0,0,0,19
2017-02-01,주간,수,1,7,4,2,0,전남,해남군,차대차,정면충돌,중앙선 침범,단일로,기타단일로,승용차,승합차,126.586,34.563,전남해남군,2,승용차승합차,0,0,0,119
2017-02-22,주간,수,1,43,1,41,0,충북,단양군,차량단독,기타,과속,단일로,기타단일로,승합차,없음,128.2937,37.0012,충북단양군,2,승합차없음,0,0,0,204
2017-03-08,주간,수,1,7,5,1,0,경기,광주시,차대차,측면충돌,앞지르기 금지위반,교차로,교차로내,화물차,승합차,127.2771,37.4778,경기광주시,2,화물차승합차,0,0,0,9
2017-03-11,야간,토,1,10,3,6,0,경북,포항시,차대차,측면충돌,직진 및 우회전차의 통행방해,교차로,교차로내,화물차,승합차,129.4316,35.9898,경북포항시,2,화물차승합차,0,1,0,160
2017-03-18,주간,토,2,6,4,0,0,충남,당진시,차대차,정면충돌,과속,교차로,교차로부근,승용차,화물차,126.7866,36.9549,충남당진시,2,승용차화물차,0,1,0,46
2017-03-18,주간,토,1,11,4,6,0,충북,충주시,차대차,추돌,안전운전 의무 불이행,단일로,터널안,화물차,화물차,127.8793,36.9207,충북충주시,2,화물차화물차,0,1,0,6
2017-03-24,야간,금,1,11,3,6,1,경기,고양시,차대차,기타,안전운전 의무 불이행,단일로,기타단일로,화물차,승용차,126.8554,37.6674,경기고양시,2,화물차승용차,0,0,0,40
2017-04-16,주간,일,1,27,8,17,1,울산,남구,차대차,측면충돌,안전운전 의무 불이행,단일로,기타단일로,승합차,승용차,129.2727,35.5495,울산남구,2,승합차승용차,0,1,0,213
2017-05-01,야간,월,2,8,5,1,0,충북,영동군,차대차,기타,안전운전 의무 불이행,단일로,기타단일로,승합차,승용차,127.7982,36.281,충북영동군,2,승합차승용차,0,0,0,75
2017-05-11,주간,목,5,14,1,8,0,강원,평창군,차대차,추돌,안전운전 의무 불이행,단일로,기타단일로,승합차,승합차,128.3299,37.5569,강원평창군,2,승합차승합차,0,0,0,24
2017-05-20,주간,토,1,11,8,2,0,경기,연천군,차대차,측면충돌,신호위반,교차로,교차로내,승합차,화물차,127.1019,38.1597,경기연천군,2,승합차화물차,0,1,0,106
2017-06-13,주간,화,1,10,7,2,0,경기,의정부시,차대차,정면충돌,안전운전 의무 불이행,단일로,기타단일로,승합차,건설기계,127.0695,37.7266,경기의정부시,2,승합차건설기계,0,0,0,64
2017-06-15,주간,목,1,10,2,7,0,대전,유성구,차대차,추돌,안전운전 의무 불이행,단일로,기타단일로,화물차,화물차,127.3254,36.3922,대전유성구,2,화물차화물차,0,0,0,148
2017-06-16,야간,금,2,9,3,3,1,경기,성남시,차대차,추돌,과속,단일로,기타단일로,승용차,승용차,127.1405,37.463,경기성남시,2,승용차승용차,0,0,0,95
2017-07-05,주간,수,2,7,5,0,0,경북,영천시,차대차,추돌,안전운전 의무 불이행,단일로,기타단일로,화물차,승용차,128.9,36.0273,경북영천시,2,화물차승용차,0,0,0,5
2017-07-05,주간,수,2,12,1,9,0,충북,청주시,차대사람,기타,기타(운전자법규위반),교차로,교차로내,승합차,보행자,127.4603,36.635,충북청주시,2,승합차보행자,0,0,0,83
2017-07-09,주간,일,2,16,4,9,1,서울,서초구,차대차,추돌,안전운전 의무 불이행,단일로,기타단일로,승합차,승용차,127.0475,37.4557,서울서초구,2,승합차승용차,0,1,0,214
2017-07-10,야간,월,1,9,3,5,0,경기,화성시,차대차,측면충돌,중앙선 침범,단일로,기타단일로,승용차,승합차,126.8388,37.1926,경기화성시,2,승용차승합차,0,0,0,50
2017-07-16,주간,일,1,9,2,6,0,충북,충주시,차대차,추돌,안전운전 의무 불이행,단일로,기타단일로,승용차,승용차,127.8458,36.9822,충북충주시,2,승용차승용차,0,1,0,6
2017-07-30,야간,일,1,18,6,11,0,충북,충주시,차대차,추돌,안전운전 의무 불이행,기타,기타,화물차,승용차,127.8483,37.0094,충북충주시,2,화물차승용차,0,1,0,6
2017-08-03,주간,목,1,15,2,12,0,전남,신안군,차대차,정면충돌,중앙선 침범,단일로,기타단일로,승용차,승합차,126.1779,35.0822,전남신안군,2,승용차승합차,0,0,0,132
2017-08-09,주간,수,2,12,0,10,0,전남,여수시,차대차,정면충돌,중앙선 침범,단일로,기타단일로,승용차,승합차,127.7576,34.6682,전남여수시,2,승용차승합차,0,0,0,102
2017-08-11,야간,금,2,7,5,0,0,전남,함평군,차대차,측면충돌,안전운전 의무 불이행,교차로,교차로내,승용차,승용차,126.5341,35.0447,전남함평군,2,승용차승용차,0,0,0,157
2017-08-13,야간,일,1,7,4,2,0,전남,구례군,차대차,측면충돌,신호위반,교차로,교차로내,승용차,화물차,127.4547,35.2297,전남구례군,2,승용차화물차,0,1,0,161
2017-08-28,주간,월,1,19,9,9,0,경남,거제시,차대차,추돌,안전운전 의무 불이행,단일로,기타단일로,승합차,승용차,128.5817,34.8688,경남거제시,2,승합차승용차,0,0,0,15
2017-09-02,주간,토,1,105,9,68,27,경기,용인시,차대차,기타,안전운전 의무 불이행,단일로,기타단일로,승합차,승합차,127.1231,37.0913,경기용인시,2,승합차승합차,0,1,0,51
2017-09-02,주간,토,2,20,8,10,0,충남,천안시,차대차,추돌,안전운전 의무 불이행,단일로,기타단일로,승합차,승용차,127.1185,36.6935,충남천안시,2,승합차승용차,0,1,0,63
2017-10-13,주간,금,1,22,9,12,0,충북,음성군,차대차,추돌,안전운전 의무 불이행,단일로,기타단일로,화물차,승합차,127.6545,37.1378,충북음성군,2,화물차승합차,0,0,0,110
2017-10-15,주간,일,2,6,4,0,0,충북,보은군,차대차,기타,교차로 통행방법 위반,교차로,교차로내,승용차,승용차,127.7383,36.496,충북보은군,2,승용차승용차,0,1,0,32
2017-10-17,주간,화,1,13,3,9,0,경기,평택시,차대차,추돌,안전운전 의무 불이행,단일로,기타단일로,승합차,화물차,127.1505,37.0037,경기평택시,2,승합차화물차,0,0,0,14
2017-11-02,주간,목,3,10,3,4,0,경남,창원시(통합),차대차,기타,안전운전 의무 불이행,단일로,기타단일로,화물차,화물차,128.7142,35.1941,경남창원시(통합),2,화물차화물차,0,0,0,86
2017-11-09,야간,목,1,7,6,0,0,충북,괴산군,차대차,추돌,안전운전 의무 불이행,단일로,기타단일로,화물차,승용차,127.9868,36.7627,충북괴산군,2,화물차승용차,0,0,0,179
2017-11-12,야간,일,1,11,4,4,2,충북,충주시,차대차,추돌,안전운전 의무 불이행,단일로,기타단일로,승합차,화물차,127.8239,37.0312,충북충주시,2,승합차화물차,0,1,0,6
2017-11-21,주간,화,1,11,2,8,0,충남,서산시,차대차,기타,안전운전 의무 불이행,단일로,기타단일로,화물차,승용차,126.5716,36.807,충남서산시,2,화물차승용차,0,0,0,69
2017-11-29,주간,수,1,8,5,2,0,경북,안동시,차대차,추돌,안전운전 의무 불이행,단일로,기타단일로,화물차,화물차,128.7663,36.6181,경북안동시,2,화물차화물차,0,0,0,66
2017-12-05,야간,화,1,8,7,0,0,인천,서구,차대차,측면충돌,중앙선 침범,단일로,고가도로위,승용차,승용차,126.6613,37.5214,인천서구,2,승용차승용차,0,0,0,97
2017-12-08,야간,금,2,9,2,5,0,경기,시흥시,차대차,측면충돌,중앙선 침범,단일로,고가도로위,승용차,승용차,126.7185,37.3581,경기시흥시,2,승용차승용차,0,0,0,73
2017-12-10,주간,일,1,29,3,21,4,강원,평창군,차대차,측면충돌,기타(운전자법규위반),단일로,기타단일로,건설기계,승합차,128.7295,37.6691,강원평창군,2,건설기계승합차,0,1,0,24
2017-12-11,주간,월,1,11,5,5,0,충남,서천군,차대차,추돌,안전운전 의무 불이행,단일로,기타단일로,승용차,특수차,126.6048,36.1631,충남서천군,2,승용차특수차,0,0,0,10
2017-12-31,야간,일,1,11,1,9,0,경기,동두천시,차대차,정면충돌,중앙선 침범,단일로,기타단일로,승용차,승용차,127.0565,37.8863,경기동두천시,2,승용차승용차,0,1,0,94
2016-02-15,주간,월,1,10,6,3,0,전남,강진군,차대차,측면직각충돌,안전운전 의무 불이행,단일로,기타단일로,승합차,승합차,126.7315,34.5913,전남강진군,2,승합차승합차,0,0,0,121
2016-02-14,야간,일,2,10,0,8,0,강원,속초시,차대차,정면충돌,중앙선 침범,교차로,교차로부근,승용차,승합차,128.5277,38.2036,강원속초시,2,승용차승합차,0,1,0,104
2016-03-28,주간,월,1,9,1,7,0,전남,여수시,차대차,측면직각충돌,신호위반,교차로,교차로내,승용차,승합차,127.6741,34.8158,전남여수시,2,승용차승합차,0,0,0,102
2016-09-08,주간,목,1,9,8,0,0,전북,정읍시,차대차,정면충돌,직진 및 우회전차의 통행방해,교차로,교차로내,화물차,승용차,126.7846,35.5937,전북정읍시,2,화물차승용차,0,0,0,12
2016-04-12,야간,화,2,6,4,0,0,충북,충주시,차대차,기타,안전운전 의무 불이행,단일로,기타단일로,화물차,승용차,127.9682,37.0934,충북충주시,2,화물차승용차,0,0,0,6
2016-07-03,주간,일,1,8,4,3,0,대구,수성구,차대차,측면직각충돌,신호위반,교차로,교차로내,승용차,승용차,128.6171,35.8095,대구수성구,2,승용차승용차,0,1,0,37
2016-04-11,주간,월,1,12,2,7,2,경북,칠곡군,차량단독,공작물충돌,안전운전 의무 불이행,단일로,기타단일로,승합차,없음,128.3887,36.0126,경북칠곡군,2,승합차없음,0,0,0,21
2016-04-16,주간,토,1,8,7,0,0,강원,삼척시,차대차,정면충돌,중앙선 침범,단일로,기타단일로,승용차,승합차,129.0623,37.2651,강원삼척시,2,승용차승합차,0,1,0,78
2016-07-02,주간,토,1,9,3,5,0,강원,삼척시,차대차,추돌,과속,단일로,기타단일로,승용차,승용차,129.1201,37.4548,강원삼척시,2,승용차승용차,0,1,0,78
2016-07-12,주간,화,2,7,5,0,0,경북,칠곡군,차량단독,전도전복,안전운전 의무 불이행,단일로,기타단일로,승합차,없음,128.506,36.0503,경북칠곡군,2,승합차없음,0,0,0,21
2016-07-11,주간,월,2,8,5,1,0,강원,정선군,차대차,정면충돌,중앙선 침범,단일로,기타단일로,화물차,승용차,128.645,37.4312,강원정선군,2,화물차승용차,0,0,0,198
2016-06-09,주간,목,1,9,4,4,0,경남,창원시(통합),차대차,기타,신호위반,교차로,교차로부근,승용차,승용차,128.5634,35.2107,경남창원시(통합),2,승용차승용차,0,0,0,86
2016-07-31,주간,일,3,25,13,8,1,부산,해운대구,차대차,추돌,신호위반,교차로,교차로내,승용차,승용차,129.1741,35.172,부산해운대구,2,승용차승용차,0,1,0,1
2016-05-20,야간,금,1,14,2,11,0,충남,서산시,차대차,정면충돌,중앙선 침범,기타,기타,승합차,승합차,126.5055,36.7862,충남서산시,2,승합차승합차,0,0,0,69
2016-07-15,야간,금,1,7,6,0,0,경기,안산시,차대차,정면충돌,중앙선 침범,단일로,기타단일로,화물차,승용차,126.8561,37.2844,경기안산시,2,화물차승용차,0,0,0,2
2016-05-24,주간,화,1,8,3,4,0,경기,파주시,차대차,정면충돌,중앙선 침범,단일로,기타단일로,화물차,승용차,126.8131,37.888,경기파주시,2,화물차승용차,0,0,0,175
2016-08-09,주간,화,1,9,6,2,0,전남,순천시,차대차,기타,신호위반,교차로,교차로내,승용차,화물차,127.4219,35.0894,전남순천시,2,승용차화물차,0,0,0,27
2016-08-14,주간,일,1,27,8,18,0,전남,여수시,차대차,정면충돌,안전운전 의무 불이행,단일로,터널안,화물차,승용차,127.7488,34.763,전남여수시,2,화물차승용차,0,1,0,102
2016-02-27,주간,토,2,9,7,0,0,경기,가평군,차대차,측면직각충돌,신호위반,교차로,교차로내,승용차,화물차,127.3842,37.6976,경기가평군,2,승용차화물차,0,1,0,176
2016-02-26,야간,금,1,17,9,7,0,경북,포항시,차대차,측면직각충돌,안전운전 의무 불이행,교차로,교차로내,화물차,승합차,129.3461,36.1229,경북포항시,2,화물차승합차,0,0,0,160
2016-02-08,주간,월,1,7,4,2,0,경북,경주시,차대차,기타,중앙선 침범,단일로,기타단일로,화물차,승용차,129.0998,35.8476,경북경주시,2,화물차승용차,0,1,0,100
2016-03-11,주간,금,1,7,6,0,0,경기,안산시,차대차,측면직각충돌,직진 및 우회전차의 통행방해,교차로,교차로내,승합차,특수차,126.6058,37.2394,경기안산시,2,승합차특수차,0,0,0,2
2016-06-28,야간,화,3,6,2,1,0,경기,광주시,차대차,기타,안전운전 의무 불이행,단일로,기타단일로,승용차,건설기계,127.3202,37.3543,경기광주시,2,승용차건설기계,0,0,0,9
2016-06-22,주간,수,2,8,2,2,2,충북,보은군,차대차,추돌,안전운전 의무 불이행,단일로,기타단일로,특수차,화물차,127.6271,36.4755,충북보은군,2,특수차화물차,0,0,0,32
2016-10-01,주간,토,1,8,3,4,0,경북,문경시,차대차,추돌,안전운전 의무 불이행,단일로,기타단일로,건설기계,화물차,128.1116,36.6938,경북문경시,2,건설기계화물차,0,1,0,74
2016-05-07,주간,토,1,11,3,7,0,충남,논산시,차대차,추돌,안전운전 의무 불이행,기타,기타,승용차,승용차,127.0806,36.1028,충남논산시,2,승용차승용차,0,1,0,61
2016-03-11,주간,금,1,10,4,5,0,경북,문경시,차대차,추돌,안전거리 미확보,단일로,터널안,승용차,승용차,128.1322,36.664,경북문경시,2,승용차승용차,0,0,0,74
2016-05-16,주간,월,4,6,2,0,0,경남,함안군,차대차,추돌,안전거리 미확보,단일로,터널안,승합차,승합차,128.5762,35.2893,경남함안군,2,승합차승합차,0,0,0,117
2016-12-09,야간,금,1,8,2,5,0,경기,여주시,차대차,측면직각충돌,안전거리 미확보,단일로,교량위,화물차,화물차,127.5871,37.2442,경기여주시,2,화물차화물차,0,0,0,22
2016-10-24,주간,월,1,14,1,12,0,경기,용인시,차대차,측면직각충돌,안전운전 의무 불이행,단일로,기타단일로,승합차,승합차,127.1039,37.266,경기용인시,2,승합차승합차,0,0,0,51
2016-02-07,주간,일,2,13,4,7,0,경기,평택시,차대차,측면직각충돌,신호위반,교차로,교차로내,승합차,화물차,127.0634,37.0926,경기평택시,2,승합차화물차,0,1,0,14
2016-01-19,주간,화,1,17,2,13,1,전북,전주시,차대차,추돌,안전운전 의무 불이행,기타,기타,승용차,화물차,127.0624,35.8738,전북전주시,2,승용차화물차,0,0,0,11
2016-07-17,주간,일,4,43,13,26,0,강원,평창군,차대차,추돌,안전운전 의무 불이행,단일로,터널안,승합차,승용차,128.3935,37.5736,강원평창군,2,승합차승용차,0,1,0,24
2016-01-07,주간,목,2,11,2,3,4,인천,중구,차대차,추돌,안전운전 의무 불이행,단일로,기타단일로,승합차,승용차,126.5338,37.5155,인천중구,2,승합차승용차,0,0,0,72
2016-11-02,주간,수,3,14,6,5,0,충남,보령시,차대차,정면충돌,신호위반,교차로,교차로내,승용차,승합차,126.5868,36.3403,충남보령시,2,승용차승합차,0,0,0,136
2016-10-05,주간,수,2,7,3,2,0,경기,용인시,차대사람,보도통행중,기타(운전자법규위반),단일로,기타단일로,화물차,보행자,127.1933,37.2354,경기용인시,2,화물차보행자,0,0,0,51
2016-10-01,야간,토,1,8,4,3,0,충북,청주시,차량단독,도로이탈,안전운전 의무 불이행,단일로,기타단일로,화물차,없음,127.5116,36.6563,충북청주시,2,화물차없음,0,1,0,83
2016-09-03,야간,토,5,5,0,0,0,대구,달성군,차량단독,전도전복,과속,단일로,기타단일로,승용차,없음,128.4367,35.7189,대구달성군,2,승용차없음,0,1,0,30
2016-08-09,주간,화,4,6,2,0,0,충북,음성군,차대차,측면직각충돌,중앙선 침범,교차로,교차로부근,승용차,승용차,127.6979,36.9288,충북음성군,2,승용차승용차,0,0,0,110
2016-01-19,주간,화,1,8,2,5,0,전북,정읍시,차대차,기타,안전운전 의무 불이행,단일로,기타단일로,화물차,승용차,126.8656,35.6024,전북정읍시,2,화물차승용차,0,0,0,12
2016-01-11,주간,월,1,7,4,2,0,강원,태백시,차대차,정면충돌,중앙선 침범,단일로,기타단일로,화물차,승합차,129.0033,37.1279,강원태백시,2,화물차승합차,0,0,0,215
2016-01-01,주간,금,1,67,4,62,0,전남,곡성군,차대차,추돌,안전거리 미확보,단일로,기타단일로,승합차,승합차,127.2203,35.2278,전남곡성군,2,승합차승합차,0,1,0,147
2016-12-21,야간,수,1,12,0,8,3,경기,군포시,차대사람,기타,신호위반,교차로,교차로내,승합차,보행자,126.9291,37.3604,경기군포시,2,승합차보행자,0,0,0,126
2016-05-25,야간,수,2,10,1,5,2,경기,화성시,차대차,측면직각충돌,안전운전 의무 불이행,단일로,기타단일로,화물차,특수차,126.8852,37.2573,경기화성시,2,화물차특수차,0,0,0,50
2016-11-06,야간,일,1,8,3,4,0,경기,광주시,차대차,기타,안전운전 의무 불이행,단일로,기타단일로,승용차,승용차,127.3052,37.4096,경기광주시,2,승용차승용차,0,1,0,9
2016-12-27,주간,화,1,9,5,3,0,경북,영덕군,차대차,추돌,안전운전 의무 불이행,단일로,기타단일로,승용차,승용차,129.3661,36.3855,경북영덕군,2,승용차승용차,0,0,0,54
2016-11-06,주간,일,4,44,22,17,1,대전,대덕구,차대차,기타,안전운전 의무 불이행,단일로,기타단일로,승용차,승합차,127.42,36.4068,대전대덕구,2,승용차승합차,0,1,0,77
2016-12-18,야간,일,1,9,1,7,0,인천,남동구,차대차,측면직각충돌,안전운전 의무 불이행,단일로,기타단일로,화물차,승합차,126.727,37.4592,인천남동구,2,화물차승합차,0,1,0,29
2016-11-15,주간,화,1,11,4,6,0,경북,영주시,차대차,추돌,안전운전 의무 불이행,단일로,기타단일로,승용차,승용차,128.6831,36.8517,경북영주시,2,승용차승용차,0,0,0,113
2016-10-01,야간,토,3,9,2,4,0,대구,달서구,차대차,측면직각충돌,신호위반,교차로,교차로내,승용차,승용차,128.5298,35.8261,대구달서구,2,승용차승용차,0,1,0,20
2016-09-15,야간,목,1,12,2,9,0,전남,영광군,차대차,정면충돌,중앙선 침범,단일로,기타단일로,농기계,승용차,126.4879,35.2974,전남영광군,2,농기계승용차,0,1,0,127
2016-01-23,야간,토,1,10,5,3,1,인천,남동구,차대차,추돌,안전운전 의무 불이행,교차로,교차로부근,승용차,화물차,126.7024,37.4641,인천남동구,2,승용차화물차,0,1,0,29
2016-08-06,주간,토,1,9,1,7,0,경기,남양주시,차대차,기타,안전운전 의무 불이행,단일로,기타단일로,승용차,화물차,127.3228,37.6317,경기남양주시,2,승용차화물차,0,1,0,70
2016-08-16,야간,화,1,10,2,7,0,경기,광주시,차대차,추돌,안전운전 의무 불이행,단일로,기타단일로,승용차,승용차,127.3153,37.3849,경기광주시,2,승용차승용차,0,0,0,9
2016-03-29,주간,화,4,19,11,4,0,전북,임실군,차대차,추돌,안전운전 의무 불이행,단일로,기타단일로,화물차,승합차,127.3257,35.5915,전북임실군,2,화물차승합차,0,0,0,152
2016-10-13,야간,목,10,19,8,1,0,울산,울주군,차량단독,기타,안전운전 의무 불이행,단일로,기타단일로,승합차,없음,129.1312,35.5711,울산울주군,2,승합차없음,0,0,0,17
2016-08-09,주간,화,1,13,7,5,0,충북,충주시,차대차,추돌,과속,단일로,기타단일로,화물차,승용차,127.7483,37.042,충북충주시,2,화물차승용차,0,0,0,6
2015-01-07,주간,수,1,8,7,0,0,경기,고양시,차대차,측면충돌,교차로 통행방법 위반,교차로,교차로내,화물차,승용차,126.8578,37.6263,경기고양시,2,화물차승용차,0,0,0,40
2015-01-13,주간,화,1,9,5,3,0,울산,남구,차대차,추돌,안전운전 의무 불이행,교차로,교차로부근,화물차,화물차,129.3005,35.5185,울산남구,2,화물차화물차,0,0,0,213
2015-01-19,야간,월,4,6,1,1,0,강원,인제군,차량단독,공작물충돌,안전운전 의무 불이행,단일로,기타단일로,승용차,없음,128.0658,37.9457,강원인제군,2,승용차없음,0,0,0,124
2015-02-04,야간,수,1,8,3,4,0,충남,천안시,차대차,추돌,안전운전 의무 불이행,교차로,교차로부근,승용차,승용차,127.1553,36.8498,충남천안시,2,승용차승용차,0,0,0,63
2015-02-06,주간,금,1,8,3,4,0,광주,북구,차대차,추돌,안전운전 의무 불이행,단일로,기타단일로,승용차,화물차,126.915,35.1829,광주북구,2,승용차화물차,0,0,0,137
2015-02-11,주간,수,1,37,18,18,0,인천,서구,차대차,추돌,안전운전 의무 불이행,단일로,기타단일로,승용차,승용차,126.5911,37.5477,인천서구,2,승용차승용차,0,0,0,97
2015-02-11,주간,수,1,24,4,19,0,인천,서구,차대차,추돌,안전운전 의무 불이행,단일로,교량위,승용차,승용차,126.5947,37.5488,인천서구,2,승용차승용차,0,0,0,97
2015-02-17,주간,화,2,13,4,7,0,제주,제주시,차대차,기타,과속,교차로,교차로내,승합차,승용차,126.4464,33.4815,제주제주시,2,승합차승용차,0,0,0,90
2015-02-19,주간,목,1,31,7,21,2,서울,강북구,차대차,추돌,신호위반,교차로,교차로내,승용차,승합차,127.0279,37.6217,서울강북구,2,승용차승합차,0,1,0,200
2015-02-21,주간,토,1,7,5,0,1,제주,서귀포시,차대차,정면충돌,중앙선 침범,단일로,기타단일로,승용차,승용차,126.3718,33.2786,제주서귀포시,2,승용차승용차,0,1,0,62
2015-03-13,주간,금,1,8,6,1,0,경남,진주시,차량단독,공작물충돌,안전운전 의무 불이행,단일로,기타단일로,화물차,없음,128.096,35.2582,경남진주시,2,화물차없음,0,0,0,42
2015-03-20,주간,금,1,8,5,2,0,경북,구미시,차대차,추돌,안전거리 미확보,단일로,터널안,화물차,승용차,128.2232,36.3061,경북구미시,2,화물차승용차,0,0,0,144
2015-03-20,주간,금,1,16,7,8,0,충북,청주시,차대차,정면충돌,신호위반,교차로,교차로내,화물차,승합차,127.5149,36.6405,충북청주시,2,화물차승합차,0,0,0,83
2015-03-26,주간,목,1,7,6,0,0,경기,화성시,차대차,추돌,안전운전 의무 불이행,단일로,기타단일로,특수차,승용차,126.8883,37.2417,경기화성시,2,특수차승용차,0,0,0,50
2015-04-13,주간,월,1,9,1,7,0,경기,평택시,차대차,기타,안전거리 미확보,교차로,교차로부근,화물차,승용차,126.9128,36.9504,경기평택시,2,화물차승용차,0,0,0,14
2015-04-18,주간,토,1,27,17,9,0,충남,당진시,차대차,측면충돌,과속,교차로,교차로내,승용차,승합차,126.6194,36.9707,충남당진시,2,승용차승합차,0,1,0,46
2015-04-28,주간,화,2,15,1,12,0,부산,북구,차대차,추돌,안전운전 의무 불이행,단일로,기타단일로,승용차,승합차,129.0298,35.2107,부산북구,2,승용차승합차,0,0,0,118
2015-04-28,주간,화,1,31,8,22,0,서울,양천구,차대차,추돌,안전운전 의무 불이행,단일로,기타단일로,승합차,승합차,126.8754,37.5542,서울양천구,2,승합차승합차,0,0,0,140
2015-05-01,주간,금,1,7,4,2,0,강원,횡성군,차대차,추돌,안전운전 의무 불이행,단일로,터널안,승용차,승용차,128.2911,37.5321,강원횡성군,2,승용차승용차,0,0,0,31
2015-05-03,주간,일,1,14,4,9,0,경남,김해시,차대차,기타,안전운전 의무 불이행,단일로,기타단일로,화물차,승합차,128.8198,35.1878,경남김해시,2,화물차승합차,0,1,0,13
2015-05-09,주간,토,3,12,9,0,0,경남,창녕군,차량단독,공작물충돌,안전운전 의무 불이행,단일로,기타단일로,승합차,없음,128.6253,35.4289,경남창녕군,2,승합차없음,0,1,0,211
2015-05-27,야간,수,2,7,5,0,0,충남,금산군,차대차,정면충돌,중앙선 침범,단일로,기타단일로,승합차,화물차,127.4736,36.1226,충남금산군,2,승합차화물차,0,0,0,68
2015-05-31,주간,일,1,14,7,6,0,경북,영덕군,차대차,정면충돌,중앙선 침범,단일로,기타단일로,승합차,승용차,129.2149,36.4628,경북영덕군,2,승합차승용차,0,1,0,54
2015-06-03,주간,수,1,19,11,7,0,경남,합천군,차대차,측면충돌,신호위반,교차로,교차로내,승합차,화물차,128.2677,35.5572,경남합천군,2,승합차화물차,0,0,0,133
2015-06-04,야간,목,1,8,2,5,0,강원,원주시,차대차,측면충돌,신호위반,교차로,교차로내,승용차,승합차,127.958,37.3174,강원원주시,2,승용차승합차,0,0,0,36
2015-06-06,주간,토,1,8,7,0,0,경북,영천시,차대차,추돌,안전운전 의무 불이행,단일로,기타단일로,화물차,화물차,129.0694,36.0035,경북영천시,2,화물차화물차,0,1,0,5
2015-06-24,주간,수,1,15,3,11,0,강원,정선군,차대차,정면충돌,신호위반,기타,기타,승합차,건설기계,128.8339,37.2136,강원정선군,2,승합차건설기계,0,0,0,198
2015-06-30,야간,화,1,7,5,1,0,경남,함안군,차량단독,도로이탈,안전운전 의무 불이행,단일로,기타단일로,승합차,없음,128.3375,35.2915,경남함안군,2,승합차없음,0,0,0,117
2015-07-10,야간,금,1,8,6,1,0,전북,전주시,차대차,측면충돌,신호위반,교차로,교차로내,승합차,승용차,127.1106,35.8509,전북전주시,2,승합차승용차,0,0,0,11
2015-07-14,야간,화,2,8,5,1,0,대구,수성구,차대차,측면충돌,신호위반,교차로,교차로부근,승용차,승용차,128.6125,35.8408,대구수성구,2,승용차승용차,0,0,0,37
2015-07-18,야간,토,5,6,1,0,0,전북,남원시,차대차,정면충돌,중앙선 침범,단일로,기타단일로,화물차,화물차,127.5672,35.4822,전북남원시,2,화물차화물차,0,1,0,193
2015-07-29,주간,수,1,15,5,8,1,부산,서구,차대차,추돌,안전운전 의무 불이행,단일로,기타단일로,건설기계,승용차,129.0182,35.0789,부산서구,2,건설기계승용차,0,0,0,226
2015-07-31,주간,금,2,60,54,4,0,경남,거제시,차량단독,공작물충돌,안전운전 의무 불이행,단일로,기타단일로,승합차,없음,128.5723,34.8976,경남거제시,2,승합차없음,0,0,0,15
2015-08-01,주간,토,1,12,2,9,0,인천,남동구,차대차,측면충돌,중앙선 침범,단일로,기타단일로,건설기계,승용차,126.7016,37.4532,인천남동구,2,건설기계승용차,0,1,0,29
2015-08-01,야간,토,1,7,5,0,1,경기,포천시,차대차,정면충돌,중앙선 침범,단일로,기타단일로,승용차,승용차,127.2043,38.0649,경기포천시,2,승용차승용차,0,1,0,171
2015-08-02,야간,일,1,8,6,1,0,충남,서천군,차대차,기타,중앙선 침범,단일로,기타단일로,승용차,승합차,126.6406,36.1087,충남서천군,2,승용차승합차,0,1,0,10
2015-08-05,주간,수,3,9,5,1,0,전북,고창군,차대차,정면충돌,중앙선 침범,단일로,기타단일로,승용차,승합차,126.5038,35.4513,전북고창군,2,승용차승합차,0,0,0,219
2015-08-07,주간,금,2,6,4,0,0,경기,남양주시,차대차,측면충돌,안전운전 의무 불이행,단일로,기타단일로,승용차,승용차,127.2725,37.6121,경기남양주시,2,승용차승용차,0,0,0,70
2015-08-21,야간,금,1,9,8,0,0,경기,안성시,차대차,정면충돌,안전운전 의무 불이행,교차로,교차로내,승용차,화물차,127.2923,37.0113,경기안성시,2,승용차화물차,0,0,0,23
2015-08-29,주간,토,1,7,4,2,0,전북,익산시,차대차,추돌,안전운전 의무 불이행,단일로,기타단일로,화물차,화물차,127.0761,35.9894,전북익산시,2,화물차화물차,0,1,0,125
2015-09-01,주간,화,8,8,0,0,0,충북,충주시,차대차,측면충돌,신호위반,교차로,교차로내,승합차,건설기계,127.8238,37.0184,충북충주시,2,승합차건설기계,0,0,0,6
2015-09-07,야간,월,1,13,3,9,0,경북,경주시,차대차,추돌,안전운전 의무 불이행,단일로,기타단일로,승합차,화물차,129.1917,35.7835,경북경주시,2,승합차화물차,0,0,0,100
2015-09-23,야간,수,2,51,21,17,11,서울,강서구,차대차,추돌,신호위반,교차로,교차로내,승합차,승합차,126.8165,37.5608,서울강서구,2,승합차승합차,0,0,0,43
2015-09-27,주간,일,2,9,7,0,0,경북,고령군,차대차,추돌,안전운전 의무 불이행,단일로,기타단일로,승용차,승용차,128.3432,35.7493,경북고령군,2,승용차승용차,0,1,0,220
2015-10-09,주간,금,4,23,3,13,3,경북,포항시,차대차,측면충돌,서행 및 일시정지위반,교차로,교차로내,승합차,승합차,129.4089,36.097,경북포항시,2,승합차승합차,0,1,0,160
2015-10-26,주간,월,1,21,3,15,2,경북,상주시,차대차,기타,안전운전 의무 불이행,단일로,터널안,화물차,화물차,128.2218,36.3099,경북상주시,2,화물차화물차,0,0,0,58
2015-10-26,야간,월,1,9,2,6,0,경기,하남시,차대차,정면충돌,안전운전 의무 불이행,교차로,교차로부근,승용차,승합차,127.1668,37.5443,경기하남시,2,승용차승합차,0,0,0,67
2015-11-07,주간,토,1,7,6,0,0,전남,고흥군,차대차,측면충돌,안전운전 의무 불이행,단일로,기타단일로,승용차,승용차,127.121,34.4874,전남고흥군,2,승용차승용차,0,1,0,191
2015-11-07,주간,토,1,10,4,5,0,경북,영덕군,차대차,추돌,안전운전 의무 불이행,단일로,기타단일로,승합차,승용차,129.4063,36.5083,경북영덕군,2,승합차승용차,0,1,0,54
2015-11-16,야간,월,1,14,6,7,0,경북,영주시,차대차,추돌,안전운전 의무 불이행,교차로,교차로부근,화물차,승합차,128.7169,36.7195,경북영주시,2,화물차승합차,0,0,0,113
2015-11-18,야간,수,1,7,4,2,0,전남,장성군,차대차,추돌,안전운전 의무 불이행,단일로,기타단일로,승합차,화물차,126.8077,35.3273,전남장성군,2,승합차화물차,0,0,0,146
2015-11-22,야간,일,1,18,6,10,1,경기,고양시,차대차,정면충돌,중앙선 침범,단일로,기타단일로,승합차,승용차,126.7968,37.6363,경기고양시,2,승합차승용차,0,1,0,40
2015-11-30,주간,월,3,11,6,2,0,경남,고성군,차대차,정면충돌,직진 및 우회전차의 통행방해,교차로,교차로내,화물차,승합차,128.194,34.9404,경남고성군,2,화물차승합차,0,0,0,87
2015-12-02,야간,수,2,6,4,0,0,전북,김제시,차대차,측면충돌,신호위반,교차로,교차로내,화물차,승용차,126.9055,35.8053,전북김제시,2,화물차승용차,0,0,0,34
2015-12-05,야간,토,2,8,6,0,0,충남,논산시,차대차,정면충돌,과속,단일로,기타단일로,승용차,화물차,127.0548,36.1734,충남논산시,2,승용차화물차,0,1,0,61
2015-12-06,야간,일,1,12,2,9,0,강원,양양군,차대차,추돌,안전운전 의무 불이행,단일로,기타단일로,승합차,화물차,128.7176,37.9959,강원양양군,2,승합차화물차,0,1,0,164
2015-12-12,야간,토,4,7,3,0,0,경기,고양시,차대차,정면충돌,중앙선 침범,단일로,기타단일로,승용차,승용차,126.8416,37.6075,경기고양시,2,승용차승용차,0,1,0,40
2015-12-12,주간,토,1,34,13,16,4,경기,성남시,차대차,추돌,안전운전 의무 불이행,단일로,기타단일로,승합차,승합차,127.0979,37.4066,경기성남시,2,승합차승합차,0,1,0,95
2015-12-19,주간,토,2,11,4,5,0,전남,담양군,차대차,기타,과속,단일로,기타단일로,승용차,승용차,126.9567,35.2262,전남담양군,2,승용차승용차,0,1,0,181
2015-12-19,야간,토,1,10,6,3,0,경기,용인시,차대차,기타,안전운전 의무 불이행,단일로,기타단일로,승합차,승용차,127.0952,37.1283,경기용인시,2,승합차승용차,0,1,0,51
2015-12-29,주간,화,1,8,3,4,0,경남,사천시,차대차,정면충돌,신호위반,교차로,교차로내,승합차,승용차,128.1571,35.0359,경남사천시,2,승합차승용차,0,0,0,57
2015-12-30,야간,수,1,8,3,4,0,대전,유성구,차대차,측면충돌,신호위반,교차로,교차로내,승용차,승용차,127.3205,36.3044,대전유성구,2,승용차승용차,0,0,0,148
2015-12-31,야간,목,1,7,4,2,0,전남,무안군,차량단독,공작물충돌,안전운전 의무 불이행,단일로,기타단일로,승용차,없음,126.4877,34.9995,전남무안군,2,승용차없음,0,0,0,101
2012-05-22,주간,화,1,8,6,1,0,경기,평택시,차대차,추돌,안전운전 의무 불이행,단일로,기타단일로,화물차,화물차,126.8679,36.9654,경기평택시,2,화물차화물차,0,0,0,14
2012-05-13,주간,일,1,12,8,1,2,충남,천안시,차량단독,기타,안전운전 의무 불이행,단일로,기타단일로,승합차,없음,127.1888,36.9122,충남천안시,2,승합차없음,0,1,0,63
2012-11-11,주간,일,2,8,0,6,0,경기,시흥시,차대차,측면직각충돌,안전거리 미확보,단일로,기타단일로,승합차,승용차,126.8682,37.3691,경기시흥시,2,승합차승용차,0,1,0,73
2012-04-09,야간,월,1,10,4,5,0,충남,청양군,차대차,추돌,안전운전 의무 불이행,단일로,기타단일로,승합차,화물차,126.9397,36.3684,충남청양군,2,승합차화물차,0,0,0,174
2012-11-24,야간,토,5,6,1,0,0,경기,안성시,차대차,추돌,안전운전 의무 불이행,단일로,기타단일로,승합차,승용차,127.1357,37.0613,경기안성시,2,승합차승용차,0,1,0,23
2012-05-07,주간,월,1,28,12,15,0,경남,양산시,차대차,추돌,안전운전 의무 불이행,단일로,기타단일로,승합차,승용차,129.0336,35.3309,경남양산시,2,승합차승용차,0,0,0,49
2012-07-05,주간,목,5,10,3,2,0,경기,화성시,차대차,추돌,안전운전 의무 불이행,단일로,기타단일로,승합차,승용차,126.9736,37.1826,경기화성시,2,승합차승용차,0,0,0,50
2012-11-14,주간,수,1,9,8,0,0,경기,의왕시,차대차,추돌,안전운전 의무 불이행,단일로,기타단일로,승용차,승합차,126.9955,37.3857,경기의왕시,2,승용차승합차,0,0,0,199
2012-03-27,주간,화,4,9,5,0,0,경기,남양주시,차대차,추돌,안전운전 의무 불이행,단일로,터널안,승합차,화물차,127.3496,37.6342,경기남양주시,2,승합차화물차,0,0,0,70
2012-01-07,주간,토,3,7,2,2,0,충남,천안시,차대차,측면직각충돌,교차로 통행방법 위반,교차로,교차로내,화물차,승용차,127.1216,36.8341,충남천안시,2,화물차승용차,0,1,0,63
2012-11-03,야간,토,1,22,6,12,3,경북,예천군,차대차,추돌,안전운전 의무 불이행,단일로,기타단일로,승합차,화물차,128.5364,36.6565,경북예천군,2,승합차화물차,0,1,0,55
2012-05-01,야간,화,1,8,5,2,0,경기,안양시,차량단독,전도전복,안전운전 의무 불이행,단일로,기타단일로,승합차,없음,126.8841,37.4063,경기안양시,2,승합차없음,0,1,0,151
2012-04-13,야간,금,2,11,3,6,0,경북,상주시,차대차,추돌,안전운전 의무 불이행,단일로,기타단일로,특수차,승용차,128.2199,36.3679,경북상주시,2,특수차승용차,0,0,0,58
2012-05-25,야간,금,1,8,7,0,0,경북,상주시,차대차,추돌,안전운전 의무 불이행,단일로,기타단일로,화물차,승용차,128.2167,36.3682,경북상주시,2,화물차승용차,0,0,0,58
2012-10-17,주간,수,2,14,11,0,1,경남,진주시,차대사람,기타,안전운전 의무 불이행,단일로,기타단일로,승합차,보행자,128.0469,35.1765,경남진주시,2,승합차보행자,0,0,0,42
2012-07-01,야간,일,1,9,4,4,0,충남,천안시,차대차,기타,안전운전 의무 불이행,단일로,기타단일로,승합차,승용차,127.189,36.8791,충남천안시,2,승합차승용차,0,1,0,63
2012-03-06,주간,화,3,7,2,2,0,경기,이천시,차대차,측면직각충돌,안전운전 의무 불이행,단일로,기타단일로,화물차,승용차,127.4301,37.2351,경기이천시,2,화물차승용차,0,0,0,41
2012-08-30,주간,목,1,11,3,7,0,전남,장성군,차대사람,기타,안전운전 의무 불이행,단일로,기타단일로,승합차,보행자,126.8068,35.4014,전남장성군,2,승합차보행자,0,0,0,146
2012-06-22,주간,금,3,8,4,1,0,전북,남원시,차량단독,도로이탈,안전운전 의무 불이행,단일로,기타단일로,승합차,없음,127.5668,35.4822,전북남원시,2,승합차없음,0,0,0,193
2012-07-26,야간,목,4,14,1,8,1,경기,성남시,차대차,추돌,안전운전 의무 불이행,단일로,기타단일로,승합차,승용차,127.0649,37.3959,경기성남시,2,승합차승용차,0,0,0,95
2012-02-15,야간,수,1,12,10,1,0,충북,음성군,차대차,추돌,안전운전 의무 불이행,단일로,기타단일로,승합차,화물차,127.6525,37.1407,충북음성군,2,승합차화물차,0,0,0,110
2012-01-01,야간,일,2,12,9,1,0,경기,포천시,차대차,정면충돌,중앙선 침범,단일로,기타단일로,승용차,승용차,127.1483,37.8269,경기포천시,2,승용차승용차,0,1,0,171
2012-04-30,주간,월,1,11,0,10,0,경기,이천시,차대차,기타,안전운전 의무 불이행,단일로,기타단일로,화물차,승용차,127.4247,37.2437,경기이천시,2,화물차승용차,0,0,0,41
2012-07-07,야간,토,2,12,3,6,1,전남,장성군,차대차,추돌,안전운전 의무 불이행,단일로,기타단일로,승합차,승용차,126.7951,35.2664,전남장성군,2,승합차승용차,0,1,0,146
2012-10-17,야간,수,3,35,26,6,0,대구,동구,차대차,측면직각충돌,안전운전 의무 불이행,단일로,기타단일로,승합차,승용차,128.7265,35.8756,대구동구,2,승합차승용차,0,0,0,26
2012-11-17,주간,토,1,9,2,6,0,경기,화성시,차대차,측면직각충돌,안전거리 미확보,단일로,기타단일로,승용차,승합차,127.0958,37.1828,경기화성시,2,승용차승합차,0,1,0,50
2012-06-09,주간,토,1,18,7,10,0,충남,보령시,차대차,정면충돌,중앙선 침범,단일로,기타단일로,화물차,승합차,126.602,36.2899,충남보령시,2,화물차승합차,0,1,0,136
2012-05-19,주간,토,4,12,1,7,0,광주,남구,차대차,기타,신호위반,교차로,교차로부근,건설기계,승용차,126.9075,35.1246,광주남구,2,건설기계승용차,0,1,0,190
2012-05-08,주간,화,4,8,3,1,0,강원,홍천군,차대차,기타,중앙선 침범,단일로,기타단일로,승용차,승합차,127.9298,37.7273,강원홍천군,2,승용차승합차,0,0,0,82
2012-04-29,주간,일,2,8,2,4,0,경북,영덕군,차대차,정면충돌,중앙선 침범,단일로,기타단일로,승용차,승용차,129.3331,36.4383,경북영덕군,2,승용차승용차,0,1,0,54
2012-05-10,주간,목,1,37,7,29,0,제주,제주시,차대차,측면직각충돌,신호위반,교차로,교차로내,건설기계,승합차,126.2359,33.3822,제주제주시,2,건설기계승합차,0,0,0,90
2012-05-01,주간,화,3,7,4,0,0,경북,의성군,차대차,추돌,안전운전 의무 불이행,단일로,기타단일로,화물차,승합차,128.3067,36.3364,경북의성군,2,화물차승합차,0,1,0,105
2012-05-29,야간,화,2,10,5,3,0,경남,통영시,차대차,정면충돌,안전운전 의무 불이행,교차로,교차로내,승용차,승용차,128.4229,34.8818,경남통영시,2,승용차승용차,0,0,0,212
2012-05-17,주간,목,2,25,6,12,5,광주,북구,차대차,추돌,안전운전 의무 불이행,단일로,기타단일로,화물차,승합차,126.912,35.1795,광주북구,2,화물차승합차,0,0,0,137
2012-03-17,주간,토,3,10,5,2,0,경기,시흥시,차대차,측면직각충돌,신호위반,교차로,교차로내,화물차,승합차,126.7362,37.347,경기시흥시,2,화물차승합차,0,1,0,73
2012-04-02,주간,월,2,6,4,0,0,경북,포항시,차량단독,전도전복,안전운전 의무 불이행,단일로,기타단일로,승용차,없음,129.3543,36.0588,경북포항시,2,승용차없음,0,0,0,160
2012-03-31,야간,토,1,14,2,11,0,전남,나주시,차대차,측면직각충돌,직진 및 우회전차의 통행방해,교차로,교차로내,승용차,승합차,126.7772,35.0359,전남나주시,2,승용차승합차,0,1,0,33
2012-04-17,주간,화,1,11,2,7,1,서울,금천구,차대차,측면직각충돌,안전운전 의무 불이행,교차로,교차로부근,승용차,승합차,126.8976,37.4664,서울금천구,2,승용차승합차,0,0,0,109
2012-04-11,야간,수,2,6,4,0,0,제주,제주시,차량단독,전도전복,안전운전 의무 불이행,단일로,기타단일로,승용차,없음,126.5435,33.4815,제주제주시,2,승용차없음,0,1,0,90
2012-05-14,주간,월,1,10,0,9,0,경기,화성시,차대차,정면충돌,중앙선 침범,단일로,기타단일로,화물차,승합차,126.9597,37.2095,경기화성시,2,화물차승합차,0,0,0,50
2012-05-25,주간,금,1,12,7,3,1,경남,하동군,차량단독,공작물충돌,안전운전 의무 불이행,단일로,기타단일로,승합차,없음,127.8085,34.9847,경남하동군,2,승합차없음,0,0,0,172
2012-04-18,야간,수,1,15,10,4,0,경남,합천군,차량단독,전도전복,안전운전 의무 불이행,교차로,교차로내,승합차,없음,127.9938,35.5331,경남합천군,2,승합차없음,0,0,0,133
2012-03-16,주간,금,1,9,2,6,0,강원,원주시,차대차,측면직각충돌,신호위반,교차로,교차로내,승합차,화물차,127.9168,37.3038,강원원주시,2,승합차화물차,0,0,0,36
2012-04-21,야간,토,1,11,2,7,1,전남,영암군,차대차,정면충돌,중앙선 침범,단일로,기타단일로,승합차,승합차,126.4362,34.7759,전남영암군,2,승합차승합차,0,1,0,16
2012-02-24,주간,금,4,100,6,23,67,강원,고성군,차대차,추돌,안전운전 의무 불이행,단일로,기타단일로,승합차,승합차,128.4908,38.2065,강원고성군,2,승합차승합차,0,0,0,217
2012-03-02,주간,금,1,7,6,0,0,서울,중랑구,차대차,추돌,안전운전 의무 불이행,단일로,기타단일로,승용차,화물차,127.0721,37.6165,서울중랑구,2,승용차화물차,0,0,0,196
2012-02-14,주간,화,2,15,12,1,0,경북,안동시,차대차,기타,안전운전 의무 불이행,단일로,기타단일로,화물차,이륜차,128.8107,36.5748,경북안동시,2,화물차이륜차,0,0,0,66
2012-03-04,야간,일,2,8,5,1,0,충남,홍성군,차대차,기타,중앙선 침범,단일로,기타단일로,승합차,승용차,126.6533,36.6052,충남홍성군,2,승합차승용차,0,1,0,38
2012-01-28,야간,토,1,11,8,2,0,부산,해운대구,차대차,정면충돌,중앙선 침범,단일로,기타단일로,승용차,화물차,129.1437,35.1599,부산해운대구,2,승용차화물차,0,1,0,1
2012-02-13,주간,월,2,8,2,4,0,대구,북구,차대차,정면충돌,중앙선 침범,단일로,기타단일로,승용차,승용차,128.5879,35.9134,대구북구,2,승용차승용차,0,0,0,112
2012-01-28,주간,토,2,9,1,6,0,경기,시흥시,차대차,추돌,안전운전 의무 불이행,단일로,기타단일로,승용차,화물차,126.744,37.3578,경기시흥시,2,승용차화물차,0,1,0,73
2013-01-01,야간,화,1,8,3,4,0,대전,유성구,차대차,측면직각충돌,신호위반,교차로,교차로내,승합차,승용차,127.3272,36.3669,대전유성구,2,승합차승용차,0,1,0,148
2013-08-07,주간,수,1,8,3,4,0,충북,청원군,차대차,추돌,안전거리 미확보,단일로,기타단일로,화물차,화물차,127.4538,36.7309,충북청주시,2,화물차화물차,0,0,0,83
2012-01-16,주간,월,2,12,7,3,0,경북,경주시,차량단독,기타,안전운전 의무 불이행,단일로,기타단일로,승합차,없음,129.2827,36.0006,경북경주시,2,승합차없음,0,0,0,100
2012-02-10,주간,금,1,14,6,6,1,경북,안동시,차대차,정면충돌,안전운전 의무 불이행,단일로,터널안,화물차,승합차,128.6563,36.4766,경북안동시,2,화물차승합차,0,0,0,66
2012-01-23,주간,월,1,8,2,5,0,대전,유성구,차대차,측면직각충돌,교차로 통행방법 위반,교차로,교차로내,승용차,승용차,127.3466,36.3547,대전유성구,2,승용차승용차,0,1,0,148
2013-04-13,주간,토,1,22,13,8,0,경기,평택시,차대차,추돌,안전운전 의무 불이행,단일로,기타단일로,승합차,승합차,127.1546,36.9932,경기평택시,2,승합차승합차,0,1,0,14
2013-08-01,야간,목,1,16,11,4,0,전북,고창군,차대차,기타,안전운전 의무 불이행,단일로,기타단일로,승용차,승용차,126.5727,35.332,전북고창군,2,승용차승용차,0,0,0,219
2013-10-04,주간,금,1,10,0,9,0,전북,완주군,차대차,추돌,안전운전 의무 불이행,단일로,터널안,화물차,특수차,127.2242,35.7465,전북완주군,2,화물차특수차,0,0,0,28
2013-10-15,주간,화,1,11,3,5,2,경기,오산시,차대차,추돌,안전운전 의무 불이행,단일로,기타단일로,승합차,화물차,127.0427,37.1794,경기오산시,2,승합차화물차,0,0,0,143
2013-02-10,주간,일,1,9,0,8,0,경기,평택시,차대차,측면직각충돌,신호위반,교차로,교차로내,승합차,승용차,127.0499,36.9428,경기평택시,2,승합차승용차,0,1,0,14
2013-02-05,야간,화,1,7,5,1,0,경북,김천시,차대차,측면직각충돌,중앙선 침범,단일로,교량위,승용차,승용차,128.1767,36.128,경북김천시,2,승용차승용차,0,0,0,76
2013-07-13,야간,토,1,20,5,7,7,경북,경산시,차대차,추돌,안전운전 의무 불이행,단일로,교량위,승합차,화물차,128.7424,35.7168,경북경산시,2,승합차화물차,0,1,0,52
2013-01-20,주간,일,1,8,2,5,0,경기,고양시,차대차,측면직각충돌,중앙선 침범,단일로,기타단일로,승용차,승합차,126.8993,37.6497,경기고양시,2,승용차승합차,0,1,0,40
2013-01-30,주간,수,1,17,13,3,0,제주,제주시,차대차,측면직각충돌,신호위반,교차로,교차로내,승합차,화물차,126.8938,33.4921,제주제주시,2,승합차화물차,0,0,0,90
2013-02-11,야간,월,2,7,2,3,0,경북,영천시,차대차,기타,안전운전 의무 불이행,단일로,기타단일로,승용차,승용차,128.8937,35.8976,경북영천시,2,승용차승용차,0,1,0,5
2013-12-18,주간,수,4,36,25,7,0,강원,강릉시,차대차,추돌,안전운전 의무 불이행,단일로,기타단일로,승합차,승합차,128.9508,37.6897,강원강릉시,2,승합차승합차,0,0,0,194
2013-09-18,야간,수,1,11,3,7,0,충북,청원군,차대차,추돌,안전운전 의무 불이행,단일로,기타단일로,화물차,승용차,127.4297,36.4942,충북청주시,2,화물차승용차,0,1,0,83
2013-12-22,야간,일,1,8,2,5,0,강원,평창군,차대차,기타,안전운전 의무 불이행,기타,기타,승용차,승용차,128.4339,37.6089,강원평창군,2,승용차승용차,0,1,0,24
2013-01-31,주간,목,1,11,9,1,0,경기,양주시,차대차,추돌,안전운전 의무 불이행,단일로,기타단일로,승합차,화물차,126.983,37.7193,경기양주시,2,승합차화물차,0,0,0,59
2013-05-03,주간,금,1,11,7,3,0,전남,장흥군,차대차,측면직각충돌,신호위반,교차로,교차로내,승합차,건설기계,126.9722,34.6486,전남장흥군,2,승합차건설기계,0,0,0,56
2013-01-22,주간,화,1,11,5,4,1,강원,고성군,차대차,추돌,안전운전 의무 불이행,단일로,기타단일로,승용차,승용차,128.4502,38.2152,강원고성군,2,승용차승용차,0,0,0,217
2013-02-13,야간,수,1,8,3,4,0,경북,구미시,차대차,측면직각충돌,신호위반,교차로,교차로내,승합차,승용차,128.4173,36.1367,경북구미시,2,승합차승용차,0,0,0,144
2013-10-12,야간,토,1,7,6,0,0,경기,용인시,차대차,추돌,안전운전 의무 불이행,단일로,기타단일로,승합차,승용차,127.1076,37.1195,경기용인시,2,승합차승용차,0,1,0,51
2013-05-15,야간,수,1,7,6,0,0,경기,수원시,차대차,측면직각충돌,신호위반,교차로,교차로내,승용차,승용차,127.0336,37.2669,경기수원시,2,승용차승용차,0,0,0,99
2012-11-16,야간,금,1,26,15,10,0,경기,안산시,차량단독,전도전복,과속,단일로,기타단일로,승합차,없음,126.8862,37.3016,경기안산시,2,승합차없음,0,0,0,2
2013-06-21,야간,금,1,7,4,2,0,전북,군산시,차대차,기타,안전운전 의무 불이행,단일로,기타단일로,화물차,승용차,126.8363,35.969,전북군산시,2,화물차승용차,0,0,0,166
2013-03-01,주간,금,1,8,4,3,0,경남,창원시(통합),차대차,추돌,안전운전 의무 불이행,단일로,터널안,승용차,승용차,128.6266,35.279,경남창원시(통합),2,승용차승용차,0,1,0,86
2013-03-31,야간,일,1,57,45,10,1,전북,무주군,차대차,기타,안전운전 의무 불이행,단일로,기타단일로,승합차,승합차,127.5798,36.0204,전북무주군,2,승합차승합차,0,1,0,182
2012-11-17,야간,토,1,13,6,6,0,인천,중구,차대차,측면직각충돌,안전거리 미확보,단일로,기타단일로,승용차,승용차,126.642,37.4687,인천중구,2,승용차승용차,0,1,0,72
2012-12-21,주간,금,1,7,4,2,0,전북,전주시,차대차,기타,안전운전 의무 불이행,단일로,기타단일로,승용차,승용차,127.1397,35.8162,전북전주시,2,승용차승용차,0,0,0,11
2013-11-03,주간,일,1,11,8,2,0,대구,달성군,차량단독,공작물충돌,안전운전 의무 불이행,단일로,기타단일로,승합차,없음,128.4617,35.7266,대구달성군,2,승합차없음,0,1,0,30
2013-04-15,주간,월,1,12,8,3,0,경북,상주시,차대차,추돌,안전운전 의무 불이행,단일로,기타단일로,화물차,승합차,128.2211,36.324,경북상주시,2,화물차승합차,0,0,0,58
2013-06-08,주간,토,1,11,7,3,0,경북,성주군,차대차,추돌,안전운전 의무 불이행,단일로,기타단일로,화물차,승합차,128.3182,35.8639,경북성주군,2,화물차승합차,0,1,0,168
2013-02-14,주간,목,2,6,4,0,0,제주,서귀포시,차대차,정면충돌,중앙선 침범,단일로,기타단일로,승용차,승용차,126.6864,33.366,제주서귀포시,2,승용차승용차,0,0,0,62
2013-12-14,주간,토,6,10,4,0,0,울산,울주군,차대차,추돌,안전운전 의무 불이행,단일로,기타단일로,화물차,승용차,129.1855,35.6965,울산울주군,2,화물차승용차,0,1,0,17
2013-04-24,야간,수,1,12,1,4,6,서울,서초구,차대차,측면직각충돌,안전거리 미확보,단일로,기타단일로,승용차,화물차,126.9907,37.5067,서울서초구,2,승용차화물차,0,0,0,214
2012-10-30,주간,화,1,9,3,5,0,경기,안산시,차대차,추돌,안전운전 의무 불이행,단일로,기타단일로,승합차,승용차,126.879,37.3025,경기안산시,2,승합차승용차,0,0,0,2
2013-12-31,야간,화,1,9,5,2,1,대구,달성군,차대차,정면충돌,중앙선 침범,단일로,기타단일로,승용차,승용차,128.4041,35.6365,대구달성군,2,승용차승용차,0,0,0,30
2012-12-19,야간,수,5,5,0,0,0,강원,강릉시,차대차,정면충돌,중앙선 침범,단일로,기타단일로,승용차,승용차,128.8928,37.7701,강원강릉시,2,승용차승용차,0,1,0,194
2012-12-21,야간,금,1,10,4,5,0,경기,수원시,차대차,정면충돌,신호위반,교차로,교차로내,승용차,승합차,126.9734,37.2596,경기수원시,2,승용차승합차,0,0,0,99
2013-01-30,야간,수,2,6,4,0,0,경북,영천시,차대차,추돌,안전운전 의무 불이행,교차로,교차로부근,승용차,화물차,129.0857,35.996,경북영천시,2,승용차화물차,0,0,0,5
2013-02-12,주간,화,1,26,7,17,1,충북,청주시,차대차,추돌,중앙선 침범,단일로,기타단일로,승용차,승합차,127.4814,36.6184,충북청주시,2,승용차승합차,0,0,0,83
2012-12-20,야간,목,1,16,8,6,1,경북,안동시,차대차,측면직각충돌,과속,교차로,교차로내,승용차,승합차,128.7435,36.564,경북안동시,2,승용차승합차,0,0,0,66
2013-11-10,주간,일,1,43,14,28,0,충남,천안시,차대차,추돌,안전운전 의무 불이행,단일로,기타단일로,승합차,승합차,127.1692,36.7936,충남천안시,2,승합차승합차,0,1,0,63
2012-12-01,야간,토,1,13,1,11,0,충남,예산군,차대차,추돌,안전거리 미확보,교차로,교차로부근,화물차,화물차,126.7902,36.6894,충남예산군,2,화물차화물차,0,1,0,187
2012-02-07,주간,화,4,10,6,0,0,경남,의령군,차량단독,도로이탈,앞지르기 금지위반,단일로,교량위,승합차,없음,128.2939,35.3121,경남의령군,2,승합차없음,0,0,0,189
2013-02-03,주간,일,2,7,3,2,0,경남,고성군,차대차,기타,안전운전 의무 불이행,단일로,기타단일로,승용차,승용차,128.3471,35.0097,경남고성군,2,승용차승용차,0,1,0,87
2013-09-12,야간,목,2,25,3,4,16,경기,의정부시,차대차,추돌,안전운전 의무 불이행,단일로,기타단일로,승합차,승용차,127.0451,37.7004,경기의정부시,2,승합차승용차,0,0,0,64
2013-05-06,주간,월,2,8,6,0,0,충북,제천시,차대차,기타,신호위반,교차로,교차로내,승용차,승용차,128.1867,37.0724,충북제천시,2,승용차승용차,0,0,0,103
2012-12-20,야간,목,1,11,9,1,0,대전,서구,차대차,기타,중앙선 침범,단일로,기타단일로,승용차,승합차,127.3813,36.3437,대전서구,2,승용차승합차,0,0,0,4
2012-11-29,주간,목,1,20,16,3,0,충남,천안시,차대차,추돌,안전운전 의무 불이행,단일로,기타단일로,승합차,화물차,127.1325,36.948,충남천안시,2,승합차화물차,0,0,0,63
2012-06-27,야간,수,2,7,3,1,1,경기,수원시,차량단독,전도전복,과속,단일로,기타단일로,승용차,없음,127.0243,37.2427,경기수원시,2,승용차없음,0,0,0,99
2012-09-04,야간,화,2,12,1,8,1,서울,광진구,차대차,기타,안전운전 의무 불이행,단일로,기타단일로,승용차,승합차,127.0824,37.5561,서울광진구,2,승용차승합차,0,0,0,183
2014-03-13,주간,목,1,9,3,5,0,경북,문경시,차대차,정면충돌,중앙선 침범,단일로,기타단일로,화물차,승합차,128.0122,36.5898,경북문경시,2,화물차승합차,0,0,0,74
2013-11-16,야간,토,1,9,1,7,0,전북,전주시,차대차,측면직각충돌,신호위반,교차로,교차로내,화물차,승합차,127.072,35.8689,전북전주시,2,화물차승합차,0,1,0,11
2013-12-03,야간,화,1,21,0,20,0,경기,평택시,차대차,추돌,안전운전 의무 불이행,교차로,교차로부근,승용차,화물차,126.9534,36.9968,경기평택시,2,승용차화물차,0,0,0,14
2013-11-01,야간,금,1,19,0,17,1,서울,영등포구,차대차,기타,과속,교차로,교차로부근,승용차,승합차,126.898,37.4875,서울영등포구,2,승용차승합차,0,0,0,150
2013-12-09,주간,월,1,7,6,0,0,서울,서대문구,차량단독,기타,안전운전 의무 불이행,단일로,기타단일로,승용차,없음,126.9485,37.5687,서울서대문구,2,승용차없음,0,0,0,195
2012-01-11,주간,수,1,27,9,17,0,경기,안양시,차대차,측면직각충돌,중앙선 침범,단일로,기타단일로,승합차,승합차,126.9038,37.4318,경기안양시,2,승합차승합차,0,0,0,151
2012-10-01,주간,월,2,6,4,0,0,강원,영월군,차대차,정면충돌,중앙선 침범,단일로,기타단일로,승용차,승용차,128.5082,37.1486,강원영월군,2,승용차승용차,0,1,0,114
2013-11-26,주간,화,1,14,9,4,0,전북,군산시,차대차,측면직각충돌,신호위반,교차로,교차로내,건설기계,승합차,126.793,35.9561,전북군산시,2,건설기계승합차,0,0,0,166
2013-12-28,야간,토,1,8,7,0,0,전북,전주시,차대차,정면충돌,중앙선 침범,단일로,기타단일로,승용차,승용차,127.1191,35.8468,전북전주시,2,승용차승용차,0,1,0,11
2012-11-10,주간,토,1,12,7,4,0,전북,부안군,차대차,측면직각충돌,직진 및 우회전차의 통행방해,교차로,교차로내,승합차,승합차,126.6567,35.7079,전북부안군,2,승합차승합차,0,1,0,185
2012-08-31,야간,금,1,7,5,1,0,경기,용인시,차대차,정면충돌,중앙선 침범,단일로,기타단일로,화물차,승합차,127.2332,37.1811,경기용인시,2,화물차승합차,0,0,0,51
2012-10-21,주간,일,2,8,4,2,0,전북,부안군,차대차,측면직각충돌,교차로 통행방법 위반,교차로,교차로내,화물차,화물차,126.6969,35.7363,전북부안군,2,화물차화물차,0,1,0,185
2014-03-19,야간,수,3,6,2,1,0,경기,수원시,차대차,측면직각충돌,신호위반,교차로,교차로내,승용차,승용차,126.9751,37.244,경기수원시,2,승용차승용차,0,0,0,99
2012-10-06,야간,토,1,7,6,0,0,전남,여수시,차대사람,횡단중,안전운전 의무 불이행,단일로,기타단일로,승용차,보행자,127.7196,34.734,전남여수시,2,승용차보행자,0,1,0,102
2013-07-26,주간,금,1,18,6,11,0,경북,문경시,차대차,측면직각충돌,교차로 통행방법 위반,교차로,교차로내,승합차,화물차,128.1497,36.7507,경북문경시,2,승합차화물차,0,0,0,74
2014-03-19,야간,수,3,11,7,1,0,서울,송파구,차대차,추돌,안전운전 의무 불이행,단일로,기타단일로,승합차,승용차,127.1064,37.5153,서울송파구,2,승합차승용차,0,0,0,156
2012-07-05,주간,목,1,18,0,16,1,울산,북구,차대차,정면충돌,교차로 통행방법 위반,교차로,교차로내,승합차,화물차,129.3674,35.5715,울산북구,2,승합차화물차,0,0,0,158
2012-07-24,야간,월,1,9,7,1,0,경기,안양시,차대차,측면직각충돌,부당한 회전,교차로,교차로내,자전거,승합차,126.971,37.4048,경기안양시,2,자전거승합차,0,0,0,151
2014-03-03,주간,월,1,13,4,8,0,제주,서귀포시,차대차,추돌,보행자 보호의무 위반,단일로,기타단일로,건설기계,승용차,126.4644,33.2531,제주서귀포시,2,건설기계승용차,0,0,0,62
2012-11-23,주간,금,1,11,9,1,0,충남,논산시,차대차,기타,안전운전 의무 불이행,단일로,기타단일로,승용차,화물차,127.1308,36.3148,충남논산시,2,승용차화물차,0,0,0,61
2013-03-25,주간,월,2,8,4,2,0,부산,서구,차대차,정면충돌,중앙선 침범,단일로,기타단일로,화물차,승합차,129.013,35.1163,부산서구,2,화물차승합차,0,0,0,226
2013-10-23,주간,수,1,13,3,0,9,경기,동두천시,차대차,기타,중앙선 침범,단일로,기타단일로,승용차,승합차,127.0566,37.9197,경기동두천시,2,승용차승합차,0,0,0,94
2013-11-09,야간,토,5,7,1,1,0,전남,화순군,차대차,기타,중앙선 침범,교차로,교차로부근,승용차,특수차,127.0252,34.8655,전남화순군,2,승용차특수차,0,1,0,88
2013-11-08,주간,금,1,10,2,7,0,대전,서구,차대사람,기타,안전운전 의무 불이행,단일로,기타단일로,승합차,보행자,127.3647,36.3072,대전서구,2,승합차보행자,0,0,0,4
2014-02-27,주간,목,1,10,9,0,0,경북,경주시,차량단독,기타,안전운전 의무 불이행,단일로,기타단일로,승합차,없음,129.0914,35.8424,경북경주시,2,승합차없음,0,0,0,100
2012-09-23,주간,일,1,7,5,1,0,경남,하동군,차대차,정면충돌,중앙선 침범,단일로,기타단일로,특수차,승용차,127.6951,35.1335,경남하동군,2,특수차승용차,0,1,0,172
2012-10-12,주간,금,1,13,5,7,0,부산,해운대구,차대차,기타,중앙선 침범,단일로,기타단일로,화물차,승합차,129.1194,35.1994,부산해운대구,2,화물차승합차,0,0,0,1
2013-12-24,야간,화,1,15,1,13,0,서울,구로구,차대차,측면직각충돌,안전거리 미확보,단일로,기타단일로,승용차,승합차,126.8847,37.4881,서울구로구,2,승용차승합차,0,0,0,79
2014-03-04,주간,화,1,7,6,0,0,경기,평택시,차대차,측면직각충돌,신호위반,교차로,교차로내,화물차,화물차,126.9086,36.9087,경기평택시,2,화물차화물차,0,0,0,14
2014-03-13,야간,목,1,9,2,6,0,광주,남구,차대차,측면직각충돌,신호위반,교차로,교차로내,승합차,원동기장치자전거,126.9034,35.1439,광주남구,2,승합차원동기장치자전거,0,0,0,190
2013-03-18,야간,월,1,11,8,2,0,경북,문경시,차대차,측면직각충돌,교차로 통행방법 위반,교차로,교차로내,화물차,승합차,128.2082,36.6,경북문경시,2,화물차승합차,0,0,0,74
2013-03-26,야간,화,1,27,3,23,0,전남,나주시,차량단독,공작물충돌,안전운전 의무 불이행,단일로,기타단일로,승합차,없음,126.6862,34.961,전남나주시,2,승합차없음,0,0,0,33
2013-07-12,야간,금,2,11,8,1,0,경남,창원시(통합),차대차,측면직각충돌,교차로 통행방법 위반,교차로,교차로내,승용차,승합차,128.6103,35.3521,경남창원시(통합),2,승용차승합차,0,0,0,86
2013-03-10,주간,일,1,12,7,4,0,전북,군산시,차대차,추돌,부당한 회전,단일로,기타단일로,건설기계,승합차,126.7827,35.9578,전북군산시,2,건설기계승합차,0,1,0,166
2013-08-01,야간,목,2,6,4,0,0,경남,사천시,차대차,추돌,안전운전 의무 불이행,단일로,기타단일로,화물차,농기계,127.9531,35.1153,경남사천시,2,화물차농기계,0,0,0,57
2012-06-29,야간,금,1,11,4,6,0,강원,영월군,차대차,추돌,과속,단일로,기타단일로,건설기계,승용차,128.5382,37.1848,강원영월군,2,건설기계승용차,0,0,0,114
2012-07-28,주간,토,2,8,6,0,0,강원,평창군,차대차,측면직각충돌,중앙선 침범,단일로,기타단일로,승용차,승용차,128.4308,37.6062,강원평창군,2,승용차승용차,0,1,0,24
2013-04-11,주간,목,2,9,1,6,0,경북,김천시,차대차,측면직각충돌,중앙선 침범,단일로,기타단일로,화물차,승합차,128.0328,35.9931,경북김천시,2,화물차승합차,0,0,0,76
2013-04-13,야간,토,1,22,5,16,0,경기,광주시,차대차,정면충돌,중앙선 침범,단일로,기타단일로,화물차,승합차,127.2005,37.3404,경기광주시,2,화물차승합차,0,1,0,9
2013-10-08,야간,화,1,12,1,10,0,충남,보령시,차대차,기타,중앙선 침범,단일로,기타단일로,승합차,승합차,126.5843,36.339,충남보령시,2,승합차승합차,0,0,0,136
2013-11-27,주간,수,6,24,0,18,0,충남,천안시,차대차,기타,중앙선 침범,단일로,기타단일로,승합차,화물차,127.154,36.8391,충남천안시,2,승합차화물차,0,0,0,63
2013-08-07,야간,수,2,6,4,0,0,대구,중구,차대차,기타,중앙선 침범,단일로,기타단일로,승용차,승용차,128.5804,35.8779,대구중구,2,승용차승용차,0,0,0,178
2013-10-16,야간,수,2,7,5,0,0,경북,구미시,차대차,측면직각충돌,과속,교차로,교차로내,승용차,승용차,128.3608,36.0918,경북구미시,2,승용차승용차,0,0,0,144
2012-07-26,야간,목,1,7,4,2,0,충남,보령시,차대차,정면충돌,중앙선 침범,단일로,기타단일로,승용차,승용차,126.6178,36.3604,충남보령시,2,승용차승용차,0,0,0,136
2014-04-18,주간,금,1,24,15,8,0,경남,진주시,차대차,측면직각충돌,신호위반,교차로,교차로내,승용차,승합차,127.9561,35.1616,경남진주시,2,승용차승합차,0,0,0,42
2013-09-10,야간,화,1,8,2,5,0,강원,삼척시,차량단독,전도전복,안전운전 의무 불이행,단일로,기타단일로,화물차,없음,129.3026,37.1471,강원삼척시,2,화물차없음,0,0,0,78
2013-06-29,주간,토,1,8,5,2,0,충남,태안군,차대차,정면충돌,중앙선 침범,단일로,기타단일로,화물차,승합차,126.3848,36.4478,충남태안군,2,화물차승합차,0,1,0,169
2013-04-06,야간,토,1,16,2,13,0,서울,구로구,차대사람,기타,안전운전 의무 불이행,단일로,기타단일로,승용차,보행자,126.8563,37.4881,서울구로구,2,승용차보행자,0,1,0,79
2013-04-15,주간,월,3,18,12,3,0,전남,여수시,차대차,추돌,과속,단일로,터널안,승용차,승합차,127.7111,34.7825,전남여수시,2,승용차승합차,0,0,0,102
2013-07-07,주간,일,2,12,8,2,0,경남,진주시,차량단독,전도전복,안전운전 의무 불이행,단일로,기타단일로,승합차,없음,128.1335,35.2379,경남진주시,2,승합차없음,0,1,0,42
2013-07-24,야간,수,1,13,7,5,0,전남,나주시,차량단독,기타,기타(운전자법규위반),단일로,기타단일로,승합차,없음,126.7785,35.0315,전남나주시,2,승합차없음,0,0,0,33
2013-07-22,야간,월,2,7,4,1,0,충남,당진시,차대차,정면충돌,중앙선 침범,단일로,기타단일로,승용차,승용차,126.7152,36.9281,충남당진시,2,승용차승용차,0,0,0,46
2013-09-05,주간,목,1,47,28,11,7,인천,부평구,차대차,추돌,안전운전 의무 불이행,단일로,기타단일로,승합차,화물차,126.7548,37.4732,인천부평구,2,승합차화물차,0,0,0,44
2013-07-11,주간,목,4,6,2,0,0,경남,진주시,차대차,측면직각충돌,중앙선 침범,교차로,교차로부근,승용차,승용차,128.1016,35.1452,경남진주시,2,승용차승용차,0,0,0,42
2012-07-15,야간,일,1,10,1,8,0,서울,금천구,차대차,측면직각충돌,신호위반,교차로,교차로내,승용차,승합차,126.9037,37.4424,서울금천구,2,승용차승합차,0,1,0,109
2012-10-11,주간,목,1,15,11,3,0,전남,여수시,차대차,측면직각충돌,신호위반,교차로,교차로내,승합차,화물차,127.6577,34.8,전남여수시,2,승합차화물차,0,0,0,102
2014-12-31,야간,수,1,34,3,0,30,경기,화성시,차대차,기타,안전거리 미확보,단일로,기타단일로,승용차,승용차,126.8133,37.0777,경기화성시,2,승용차승용차,0,0,0,50
2013-08-22,주간,목,1,18,10,7,0,전북,완주군,차량단독,전도전복,안전운전 의무 불이행,교차로,교차로내,화물차,없음,127.0956,35.919,전북완주군,2,화물차없음,0,0,0,28
2013-07-04,주간,목,3,7,4,0,0,광주,광산구,차대차,추돌,과속,단일로,기타단일로,승용차,승용차,126.7999,35.1679,광주광산구,2,승용차승용차,0,0,0,135
2012-03-21,야간,수,2,9,7,0,0,부산,강서구,차대차,추돌,안전운전 의무 불이행,단일로,기타단일로,승용차,화물차,128.9425,35.1576,부산강서구,2,승용차화물차,0,0,0,206
2013-04-07,야간,일,1,7,6,0,0,서울,양천구,차대차,정면충돌,중앙선 침범,단일로,기타단일로,승용차,승용차,126.8622,37.5439,서울양천구,2,승용차승용차,0,1,0,140
2013-08-04,주간,일,1,11,3,7,0,경북,군위군,차대차,정면충돌,중앙선 침범,단일로,기타단일로,승용차,승용차,128.6437,36.1867,경북군위군,2,승용차승용차,0,1,0,170
2013-08-27,주간,화,1,7,5,1,0,경기,안산시,차대차,정면충돌,중앙선 침범,단일로,기타단일로,승용차,승용차,126.5706,37.27,경기안산시,2,승용차승용차,0,0,0,2
2013-08-19,야간,월,1,9,0,8,0,전북,전주시,차대차,추돌,안전운전 의무 불이행,교차로,교차로부근,승용차,승합차,127.1056,35.8533,전북전주시,2,승용차승합차,0,0,0,11
2013-10-03,주간,목,1,9,3,4,1,서울,서초구,차대차,추돌,안전운전 의무 불이행,단일로,기타단일로,승합차,승용차,127.0344,37.4694,서울서초구,2,승합차승용차,0,1,0,214
2013-09-23,주간,월,1,7,5,1,0,제주,제주시,차대차,측면직각충돌,중앙선 침범,단일로,기타단일로,승용차,승용차,126.449,33.4945,제주제주시,2,승용차승용차,0,0,0,90
2013-01-23,야간,수,1,13,5,7,0,경남,통영시,차량단독,공작물충돌,안전운전 의무 불이행,단일로,기타단일로,승합차,없음,128.4159,34.7845,경남통영시,2,승합차없음,0,0,0,212
2012-07-14,주간,토,1,12,7,4,0,대구,동구,차대차,추돌,중앙선 침범,단일로,기타단일로,승용차,승용차,128.6358,35.9496,대구동구,2,승용차승용차,0,1,0,26
2014-12-02,야간,화,1,8,5,1,1,충북,청주시,차대차,기타,안전운전 의무 불이행,단일로,기타단일로,화물차,승용차,127.4273,36.5755,충북청주시,2,화물차승용차,0,0,0,83
2012-01-22,야간,일,1,9,2,6,0,경북,경산시,차대차,추돌,안전운전 의무 불이행,교차로,교차로부근,승용차,승용차,128.7486,35.8345,경북경산시,2,승용차승용차,0,1,0,52
2013-10-28,주간,월,1,20,6,11,2,부산,금정구,차대차,추돌,과속,단일로,기타단일로,승용차,화물차,129.0932,35.2466,부산금정구,2,승용차화물차,0,0,0,96
2014-05-13,주간,화,1,9,1,6,1,인천,남동구,차대차,추돌,안전운전 의무 불이행,단일로,교량위,화물차,화물차,126.7221,37.3809,인천남동구,2,화물차화물차,0,0,0,29
2014-08-17,주간,일,2,9,6,1,0,경북,경주시,차량단독,전도전복,안전운전 의무 불이행,단일로,기타단일로,승합차,없음,129.271,35.9834,경북경주시,2,승합차없음,0,1,0,100
2013-06-26,주간,수,2,25,1,22,0,경기,화성시,차대차,측면직각충돌,신호위반,교차로,교차로내,승합차,승합차,126.9309,37.1624,경기화성시,2,승합차승합차,0,0,0,50
2014-10-11,야간,토,1,10,3,6,0,전남,담양군,차대차,측면직각충돌,신호위반,교차로,교차로내,승합차,화물차,126.974,35.3129,전남담양군,2,승합차화물차,0,1,0,181
2013-06-26,야간,수,1,19,5,13,0,서울,구로구,차대차,추돌,안전운전 의무 불이행,단일로,기타단일로,승합차,화물차,126.8748,37.5069,서울구로구,2,승합차화물차,0,0,0,79
2014-12-29,주간,월,1,20,2,17,0,전북,고창군,차대차,정면충돌,중앙선 침범,교차로,교차로부근,승용차,승합차,126.684,35.4162,전북고창군,2,승용차승합차,0,0,0,219
2013-05-20,주간,월,1,9,3,5,0,부산,기장군,차대차,측면직각충돌,안전운전 의무 불이행,교차로,교차로내,승용차,승용차,129.2155,35.2432,부산기장군,2,승용차승용차,0,0,0,85
2013-05-24,야간,금,2,7,4,1,0,충남,공주시,차량단독,공작물충돌,안전운전 의무 불이행,단일로,기타단일로,승용차,없음,127.0185,36.5455,충남공주시,2,승용차없음,0,0,0,19
2014-10-30,야간,목,2,8,6,0,0,서울,서초구,차량단독,전도전복,안전운전 의무 불이행,단일로,기타단일로,승합차,없음,126.9985,37.5097,서울서초구,2,승합차없음,0,0,0,214
2012-10-30,주간,화,1,40,6,33,0,강원,영월군,차대차,정면충돌,중앙선 침범,단일로,기타단일로,승합차,건설기계,128.5589,37.1209,강원영월군,2,승합차건설기계,0,0,0,114
2012-06-24,야간,일,2,8,5,1,0,경기,화성시,차량단독,전도전복,안전운전 의무 불이행,단일로,기타단일로,승합차,없음,127.0949,37.1732,경기화성시,2,승합차없음,0,1,0,50
2014-05-22,주간,목,1,22,10,8,3,전남,보성군,차대차,추돌,안전운전 의무 불이행,교차로,교차로부근,승합차,승용차,127.3414,34.8399,전남보성군,2,승합차승용차,0,0,0,122
2013-10-25,주간,금,2,11,1,7,1,강원,횡성군,차대차,기타,안전운전 의무 불이행,기타,기타,승용차,승합차,128.1002,37.4477,강원횡성군,2,승용차승합차,0,0,0,31
2014-10-25,야간,토,1,7,4,2,0,서울,노원구,차대차,측면직각충돌,신호위반,교차로,교차로내,승용차,승용차,127.0871,37.6216,서울노원구,2,승용차승용차,0,1,0,18
2013-06-28,주간,금,1,10,2,6,1,서울,강서구,차대차,측면직각충돌,안전거리 미확보,단일로,기타단일로,승용차,승합차,126.8155,37.5609,서울강서구,2,승용차승합차,0,0,0,43
2012-11-22,주간,목,2,18,9,6,1,서울,서초구,차대차,추돌,안전운전 의무 불이행,단일로,기타단일로,승합차,승용차,127.0647,37.4358,서울서초구,2,승합차승용차,0,0,0,214
2013-05-05,주간,일,1,7,5,1,0,경북,상주시,차대차,정면충돌,중앙선 침범,단일로,기타단일로,승용차,승합차,128.1081,36.408,경북상주시,2,승용차승합차,0,1,0,58
2012-07-23,야간,월,1,7,6,0,0,충남,보령시,차대차,측면직각충돌,신호위반,교차로,교차로내,승용차,승합차,126.6044,36.3485,충남보령시,2,승용차승합차,0,0,0,136
2014-11-04,주간,화,3,20,3,0,14,제주,서귀포시,차대차,정면충돌,중앙선 침범,단일로,기타단일로,승용차,승합차,126.6259,33.3724,제주서귀포시,2,승용차승합차,0,0,0,62
2014-10-08,야간,수,2,12,8,1,1,부산,동래구,차대사람,횡단중,안전운전 의무 불이행,단일로,기타단일로,승용차,보행자,129.0733,35.2038,부산동래구,2,승용차보행자,0,0,0,216
2013-09-28,주간,토,2,6,4,0,0,경남,합천군,차대차,정면충돌,중앙선 침범,단일로,기타단일로,승용차,승합차,128.1834,35.7071,경남합천군,2,승용차승합차,0,1,0,133
2014-10-16,주간,목,1,8,3,4,0,경기,양주시,차대차,추돌,안전운전 의무 불이행,교차로,교차로내,화물차,승합차,127.0159,37.7912,경기양주시,2,화물차승합차,0,0,0,59
2014-11-24,주간,월,1,8,4,3,0,경북,경주시,차대차,기타,중앙선 침범,단일로,기타단일로,화물차,승합차,129.3524,35.8352,경북경주시,2,화물차승합차,0,0,0,100
2013-04-15,주간,월,1,8,2,5,0,전북,익산시,차대차,기타,직진 및 우회전차의 통행방해,교차로,교차로내,승용차,승용차,126.9599,36.0445,전북익산시,2,승용차승용차,0,0,0,125
2014-04-04,야간,금,1,24,16,7,0,경기,안산시,차대차,기타,과속,단일로,기타단일로,승합차,승용차,126.8945,37.3005,경기안산시,2,승합차승용차,0,0,0,2
2014-05-02,야간,금,1,7,5,1,0,서울,강서구,차대차,기타,신호위반,교차로,교차로내,승용차,승용차,126.8403,37.5416,서울강서구,2,승용차승용차,0,0,0,43
2013-07-07,야간,일,1,9,5,3,0,제주,제주시,차대차,측면직각충돌,신호위반,교차로,교차로내,승합차,승용차,126.5563,33.5074,제주제주시,2,승합차승용차,0,1,0,90
2013-03-29,야간,금,1,8,2,5,0,경기,광주시,차대차,정면충돌,중앙선 침범,단일로,기타단일로,화물차,승합차,127.2182,37.3469,경기광주시,2,화물차승합차,0,0,0,9
2014-12-05,주간,금,2,9,0,7,0,전남,해남군,차대차,기타,중앙선 침범,단일로,기타단일로,승용차,승합차,126.6003,34.5601,전남해남군,2,승용차승합차,0,0,0,119
2014-11-09,주간,일,3,9,4,2,0,전남,영암군,차대차,정면충돌,안전운전 의무 불이행,교차로,교차로내,승용차,승용차,126.7837,34.8305,전남영암군,2,승용차승용차,0,1,0,16
2014-08-25,야간,월,3,9,3,3,0,충남,논산시,차대차,추돌,안전운전 의무 불이행,교차로,교차로부근,화물차,승용차,127.0988,36.1188,충남논산시,2,화물차승용차,0,0,0,61
2014-08-24,주간,일,1,8,7,0,0,제주,서귀포시,차대차,측면직각충돌,직진 및 우회전차의 통행방해,교차로,교차로내,승용차,화물차,126.8971,33.4066,제주서귀포시,2,승용차화물차,0,1,0,62
2014-12-15,주간,월,1,8,5,2,0,강원,홍천군,차대차,기타,중앙선 침범,교차로,교차로내,화물차,승합차,128.0559,37.9147,강원홍천군,2,화물차승합차,0,0,0,82
2014-10-16,주간,목,2,8,3,1,2,충남,예산군,차대차,기타,안전운전 의무 불이행,단일로,기타단일로,화물차,화물차,126.8536,36.611,충남예산군,2,화물차화물차,0,0,0,187
2014-11-30,야간,일,5,5,0,0,0,경기,평택시,차대차,추돌,안전운전 의무 불이행,단일로,기타단일로,승용차,화물차,127.0391,37.0128,경기평택시,2,승용차화물차,0,1,0,14
2014-01-20,야간,월,1,16,6,9,0,인천,연수구,차량단독,공작물충돌,과속,단일로,기타단일로,승합차,없음,126.6713,37.4174,인천연수구,2,승합차없음,0,0,0,35
2014-12-28,주간,일,3,8,5,0,0,경기,안성시,차량단독,공작물충돌,안전운전 의무 불이행,단일로,기타단일로,승용차,없음,127.2391,36.98,경기안성시,2,승용차없음,0,1,0,23
2014-11-05,주간,수,1,8,2,5,0,충북,옥천군,차대차,기타,안전운전 의무 불이행,단일로,기타단일로,화물차,승용차,127.5772,36.3075,충북옥천군,2,화물차승용차,0,0,0,142
2014-03-30,주간,일,2,7,5,0,0,전북,남원시,차대차,정면충돌,안전운전 의무 불이행,단일로,기타단일로,승용차,승용차,127.4518,35.4581,전북남원시,2,승용차승용차,0,1,0,193
2014-09-07,야간,일,1,7,6,0,0,대구,수성구,차대차,정면충돌,중앙선 침범,교차로,교차로부근,승용차,승용차,128.6413,35.859,대구수성구,2,승용차승용차,0,1,0,37
2014-01-01,야간,수,1,7,6,0,0,강원,원주시,차대차,측면직각충돌,신호위반,교차로,교차로내,승용차,승용차,127.8499,37.3308,강원원주시,2,승용차승용차,0,1,0,36
2014-07-15,주간,화,1,7,6,0,0,충남,보령시,차량단독,전도전복,안전운전 의무 불이행,단일로,기타단일로,승합차,없음,126.5555,36.3836,충남보령시,2,승합차없음,0,0,0,136
2014-09-17,야간,수,1,7,4,2,0,인천,서구,차대차,측면직각충돌,신호위반,교차로,교차로내,승용차,승용차,126.6739,37.5936,인천서구,2,승용차승용차,0,0,0,97
2014-11-26,주간,수,2,7,5,0,0,충남,태안군,차대차,정면충돌,중앙선 침범,단일로,기타단일로,승용차,건설기계,126.2927,36.6771,충남태안군,2,승용차건설기계,0,0,0,169
2013-04-28,야간,일,4,6,2,0,0,제주,서귀포시,차량단독,전도전복,안전운전 의무 불이행,단일로,기타단일로,승용차,없음,126.6225,33.3579,제주서귀포시,2,승용차없음,0,1,0,62
2014-10-31,주간,금,1,18,6,7,4,경북,군위군,차대차,정면충돌,중앙선 침범,단일로,기타단일로,화물차,승합차,128.6793,36.1822,경북군위군,2,화물차승합차,0,0,0,170
2014-10-19,주간,일,1,7,4,2,0,경남,함안군,차대차,정면충돌,중앙선 침범,단일로,기타단일로,승용차,승용차,128.3026,35.2887,경남함안군,2,승용차승용차,0,1,0,117
2014-09-26,야간,금,3,7,4,0,0,경기,고양시,차대차,기타,안전운전 의무 불이행,단일로,기타단일로,승용차,승용차,126.8431,37.6541,경기고양시,2,승용차승용차,0,0,0,40
2014-02-15,주간,토,2,19,1,9,7,경기,남양주시,차대차,정면충돌,신호위반,교차로,교차로내,승용차,승합차,127.1867,37.623,경기남양주시,2,승용차승합차,0,1,0,70
2014-01-12,주간,일,3,12,6,3,0,경북,칠곡군,차대차,측면직각충돌,안전거리 미확보,단일로,기타단일로,화물차,화물차,128.4293,35.9813,경북칠곡군,2,화물차화물차,0,1,0,21
2014-07-19,야간,토,3,13,5,4,1,서울,금천구,차대차,정면충돌,안전운전 의무 불이행,단일로,기타단일로,승용차,승용차,126.9036,37.4667,서울금천구,2,승용차승용차,0,1,0,109
2014-01-22,주간,수,1,9,1,7,0,충북,충주시,차대차,추돌,안전운전 의무 불이행,교차로,교차로부근,화물차,화물차,127.8255,36.9733,충북충주시,2,화물차화물차,0,0,0,6
2014-08-13,주간,수,3,7,4,0,0,제주,제주시,차대차,측면직각충돌,중앙선 침범,단일로,기타단일로,화물차,승용차,126.5454,33.4709,제주제주시,2,화물차승용차,0,0,0,90
2014-08-03,야간,일,2,7,2,3,0,경남,김해시,차대차,측면직각충돌,중앙선 침범,단일로,기타단일로,승용차,승용차,128.8131,35.2208,경남김해시,2,승용차승용차,0,1,0,13
2014-06-09,야간,월,1,11,2,8,0,대전,서구,차대차,측면직각충돌,부당한 회전,단일로,횡단보도상,이륜차,승합차,127.3479,36.3286,대전서구,2,이륜차승합차,0,0,0,4
2014-02-01,주간,토,2,7,3,2,0,전남,곡성군,차대차,측면직각충돌,안전운전 의무 불이행,단일로,기타단일로,화물차,승용차,127.1527,35.2589,전남곡성군,2,화물차승용차,0,1,0,147
2014-05-19,야간,월,1,18,1,16,0,전북,전주시,차대차,추돌,안전운전 의무 불이행,교차로,교차로부근,화물차,승합차,127.1226,35.7932,전북전주시,2,화물차승합차,0,0,0,11
2014-05-31,야간,토,2,7,2,3,0,대구,북구,차대차,추돌,안전운전 의무 불이행,단일로,기타단일로,승용차,승용차,128.5184,35.8937,대구북구,2,승용차승용차,0,1,0,112
2014-03-16,주간,일,1,9,3,5,0,충남,천안시,차대차,추돌,안전운전 의무 불이행,단일로,기타단일로,승용차,승용차,127.1187,36.695,충남천안시,2,승용차승용차,0,1,0,63
2014-08-08,야간,금,1,15,0,8,6,충남,공주시,차대차,기타,안전운전 의무 불이행,단일로,기타단일로,승용차,화물차,127.1125,36.539,충남공주시,2,승용차화물차,0,0,0,19
2014-06-07,야간,토,2,10,6,2,0,전남,무안군,차량단독,전도전복,안전운전 의무 불이행,단일로,기타단일로,승합차,없음,126.5044,34.9451,전남무안군,2,승합차없음,0,1,0,101
2014-05-13,주간,화,4,7,3,0,0,경기,고양시,차대차,추돌,안전운전 의무 불이행,단일로,기타단일로,승용차,화물차,126.805,37.6384,경기고양시,2,승용차화물차,0,0,0,40
2014-07-10,주간,목,3,6,3,0,0,부산,해운대구,차량단독,주/정차차량 충돌,안전운전 의무 불이행,교차로,교차로부근,승용차,승용차,129.1278,35.1873,부산해운대구,2,승용차승용차,0,0,0,1
2014-10-28,주간,화,5,5,0,0,0,전북,김제시,차대차,추돌,과속,단일로,기타단일로,승용차,화물차,126.9843,35.732,전북김제시,2,승용차화물차,0,0,0,34
2014-07-25,주간,금,2,7,5,0,0,충남,아산시,차대차,정면충돌,중앙선 침범,단일로,기타단일로,승용차,승용차,126.8622,36.8797,충남아산시,2,승용차승용차,0,0,0,53
2014-06-02,야간,월,1,17,0,15,1,강원,춘천시,차대차,측면직각충돌,교차로 통행방법 위반,교차로,교차로내,화물차,승합차,127.7726,37.85,강원춘천시,2,화물차승합차,0,0,0,111
2014-06-25,주간,수,2,8,2,3,1,대구,중구,차대사람,횡단중,중앙선 침범,교차로,교차로내,승용차,보행자,128.6064,35.8689,대구중구,2,승용차보행자,0,0,0,178
2014-07-12,야간,토,1,8,2,5,0,전북,익산시,차대차,측면직각충돌,중앙선 침범,단일로,기타단일로,화물차,승용차,127.0286,35.971,전북익산시,2,화물차승용차,0,1,0,125
